id,cuisine
18009,0
28583,1
41580,2
29752,3
35687,3
38527,4
19666,5
41217,6
28753,7
22659,6
21749,6
44967,8
42969,6
44883,7
20827,6
23196,3
35387,0
33780,6
19001,11
16526,8
42455,10
47453,7
42478,1
11885,8
16585,6
29639,8
26245,7
38516,6
47520,8
26212,7
23696,6
14926,12
13292,7
27346,10
1384,6
15959,12
42297,6
46235,2
21181,7
9809,1
22982,6
23120,7
26743,7
12741,3
7050,7
22437,8
14760,6
10649,1
48065,1
39931,1
32935,15
40142,1
19103,6
38267,1
30512,6
3324,4
26197,15
384,3
47230,6
39748,16
41038,11
24878,10
42624,3
45706,4
8874,6
23878,10
47234,17
24075,14
46323,1
22562,1
11358,5
9201,3
38620,3
47638,6
21238,6
11053,18
46602,18
13937,13
21876,8
20798,7
24381,12
48178,1
45832,14
27560,3
23247,3
28975,6
43230,6
9126,3
13021,6
28194,5
25617,14
36125,1
16454,1
1607,1
38526,7
18755,7
12035,1
16047,3
15419,6
16971,14
31459,6
27888,1
13900,6
12376,0
1658,17
29431,3
22290,7
28464,1
37953,16
20814,2
35987,8
2329,7
43237,1
30647,8
16675,18
37722,14
32438,8
20287,16
43296,7
6237,6
48560,6
20810,6
34951,4
31850,7
47745,15
37815,5
9872,8
5592,7
27411,9
39320,3
40247,10
19792,12
40754,7
14365,5
14468,6
47563,6
19611,3
7163,7
43069,6
27505,6
36500,17
25932,3
817,7
8471,14
48250,1
9413,6
12097,12
8416,3
5892,17
676,6
47015,6
21891,6
14630,1
36195,0
25981,15
39964,12
28298,6
31954,17
26620,7
14932,3
47426,6
1038,7
8077,17
37141,8
45447,6
9624,3
45589,5
7265,8
31844,5
13046,3
9867,7
29184,14
34783,15
2823,7
18932,6
11112,2
12859,1
9365,6
44516,6
18193,8
46545,7
9900,3
14815,8
39690,7
22193,7
11739,15
27311,0
36920,7
7861,1
29248,8
43142,16
7574,15
8610,6
989,7
46926,6
40816,0
39726,12
42229,15
10474,14
22140,12
31985,1
46165,1
20860,6
42494,3
15968,8
20484,8
26661,7
47182,7
22528,6
3861,7
1203,7
45040,1
33287,8
10097,14
42005,0
12423,8
39613,7
30276,5
18686,6
3031,1
40093,6
182,7
46591,1
4092,7
13722,14
44575,11
14989,7
13270,7
25529,6
12140,7
23127,14
13523,6
41270,15
8362,6
11735,7
27935,7
28198,1
37765,1
33856,1
30198,4
42521,6
21567,17
36995,12
24967,3
45002,6
48925,3
36914,7
2280,17
14729,1
4594,11
2237,1
45631,3
2317,1
23079,7
29333,7
48066,6
15737,6
30580,6
1119,10
46336,1
5026,8
10749,14
31020,0
30805,1
27653,7
35060,3
39174,1
49509,7
31784,15
31408,9
36029,15
11045,7
6561,2
26992,7
31179,7
35099,3
11018,7
17930,3
21302,0
46352,6
25132,7
7010,8
25850,12
19601,6
7935,7
34994,6
25113,6
45523,6
34977,8
7124,1
27514,10
27178,5
47880,6
29197,7
16347,2
20333,3
29112,2
7510,6
13897,6
35699,7
20520,7
38920,6
21775,3
37475,3
40131,10
1939,11
48268,1
34815,7
13797,7
39063,7
29064,11
26896,6
29477,17
3352,5
4966,8
7316,1
23879,3
16525,8
32843,17
39574,8
32737,3
44788,6
28772,6
34189,8
33719,3
25846,1
1423,17
4328,11
579,3
5219,14
2314,0
31143,18
13409,6
3281,8
15804,7
40835,7
39262,7
37013,1
14807,8
47956,12
2580,5
13720,7
23008,8
5951,12
39312,14
6176,10
17617,7
57,7
43422,14
49403,6
44751,6
21865,6
26584,0
39355,6
14038,18
45396,2
49715,14
41515,3
30445,18
4090,11
17207,10
40376,7
19398,7
22347,2
49671,6
40854,8
926,6
47919,12
20571,17
18866,6
48742,6
14577,1
29481,11
40996,15
34470,8
31147,12
35932,6
27221,1
48301,18
29925,6
48640,13
22873,8
10565,8
15509,6
37569,6
13306,6
40474,5
15182,1
8609,6
32168,6
1125,6
25244,6
46889,6
13841,7
47135,0
29036,6
43533,6
41631,15
22124,6
18836,15
35695,0
5141,15
41894,17
4972,7
34195,6
14183,10
15188,8
8734,6
30946,9
5588,15
49554,7
1270,7
1259,12
45986,3
22351,12
300,15
9278,0
10021,8
17014,10
40855,8
18362,12
16292,3
29924,6
47174,13
4856,7
15417,8
19875,6
42228,6
36264,7
14571,0
23496,19
43879,1
23431,9
5499,11
247,1
48795,4
47113,3
489,17
13036,6
4838,6
40630,6
17576,14
29972,14
8123,10
35918,7
42669,6
24632,6
35740,10
45670,18
28041,1
46688,14
10309,6
15367,6
30562,1
47151,10
47300,3
31200,1
5749,8
41807,7
13990,6
23572,7
872,6
38085,6
5248,1
26309,3
26880,6
41559,6
8059,15
26041,1
30019,6
7207,7
30309,9
2092,7
8023,6
4016,14
24631,18
35068,8
8523,17
28463,3
8629,8
43829,1
22129,6
34505,7
38200,1
36513,12
32187,1
7788,5
31130,6
40483,11
2224,17
14143,8
22889,0
17406,1
10451,2
19844,16
23416,8
33874,6
39951,6
41361,1
44659,9
8836,14
21709,7
22993,7
39191,7
17182,8
20507,8
42397,7
18897,9
3797,6
11041,13
807,6
3514,4
12936,16
15050,16
43377,6
10471,12
30721,0
14333,7
6260,6
7712,7
19048,6
21455,1
18575,7
47647,6
35947,18
14499,14
43525,7
5723,4
48497,6
43822,6
525,3
30594,11
47948,7
2099,14
43863,6
24711,7
15230,6
21680,1
36218,0
41622,1
34809,6
5110,3
27214,11
34803,6
36822,6
6912,7
20373,10
29157,1
6327,3
35502,12
8305,12
35598,7
48538,3
49358,7
44506,14
39146,7
29270,3
20560,6
24169,7
41537,17
10431,18
31517,7
34049,6
26964,1
49655,7
9101,1
30377,1
7046,6
47969,1
18971,6
38891,15
29506,7
40305,14
21255,7
15578,3
24894,6
32089,10
46097,8
40982,8
12543,3
38366,7
32925,6
17506,1
48389,7
41804,7
9961,6
24939,15
39599,1
45838,6
48875,6
25531,6
3009,7
31965,6
16901,12
13370,6
2954,6
40353,6
8207,7
10933,6
38206,6
14110,1
19128,16
32616,1
27748,6
31858,7
20510,3
17602,3
35665,17
46589,8
8178,10
34880,3
42527,7
29682,14
32166,7
30343,6
15385,3
18372,6
29211,14
23269,6
4561,6
27365,6
49032,6
22064,11
12060,3
47834,0
25815,1
34036,12
19326,7
44078,3
31090,7
17485,12
708,6
5350,0
29754,1
18309,1
46871,6
27300,8
41890,1
49548,6
11392,10
1354,6
48819,7
19097,1
42113,1
24060,6
25849,9
4543,7
25306,6
41966,8
48719,12
48191,2
8826,14
42703,14
16083,12
26613,14
28088,8
39965,8
36239,7
4322,16
9951,7
3045,9
28585,3
39841,6
25913,7
39715,6
23135,12
47022,6
24160,7
18619,6
12574,1
22681,6
33692,16
538,8
22118,7
21890,6
36340,6
27973,6
12870,3
22564,6
35063,4
7000,6
11318,17
47001,6
11395,7
23507,3
47242,1
48957,1
17721,6
25138,11
47438,7
47162,7
42459,7
6486,12
24116,6
31596,7
38887,0
10665,0
13712,12
2633,7
35784,8
45204,1
46722,10
34949,1
35321,6
46430,6
34431,8
30890,0
42132,3
15702,14
47719,14
45160,1
20600,2
10800,6
30479,3
9457,12
26571,1
42942,7
36635,1
43617,2
16911,3
122,7
22340,1
37007,14
23595,1
25233,13
5503,6
47338,11
44695,6
7141,6
14564,17
19655,1
35326,7
35922,1
28171,12
1322,6
14923,7
42344,6
16380,6
15233,1
8338,0
41014,1
30440,8
23043,1
20788,14
14375,4
1184,6
34280,10
46171,14
31834,14
14759,6
15855,6
6662,7
15056,4
34873,7
20089,0
20015,3
18402,15
6418,6
1454,7
14070,14
26424,7
27349,11
26459,15
13151,9
12264,3
18366,7
46851,3
18954,14
39858,15
43500,3
21656,7
10505,6
5313,6
28951,3
19961,1
1795,3
9917,6
26180,15
9726,19
47689,14
7866,14
41625,12
35160,1
4430,7
39082,7
46186,0
11988,5
24177,12
31849,1
41194,6
36968,6
42330,5
36791,1
19704,3
4933,7
4255,0
37105,1
35848,6
17416,8
39066,14
36270,19
24406,4
20517,17
27630,7
19670,6
4685,6
45260,6
378,10
40841,7
27632,11
12193,7
38047,6
10170,1
25043,7
23851,7
14743,7
13294,6
26466,17
32002,7
37526,17
8888,6
38945,6
38546,7
38869,7
10556,6
3296,1
25977,8
32025,7
44087,1
32762,6
824,6
44636,1
542,7
38218,6
41930,13
1987,6
37378,6
8873,6
1513,11
44013,10
38042,8
11576,13
24510,7
823,3
23443,9
34870,8
3846,4
14993,15
16854,8
5886,6
33793,3
2999,6
20843,5
29153,8
33790,19
16516,0
37887,1
18466,7
48033,7
45404,11
4175,1
31986,1
38555,6
26832,8
19810,19
49086,6
39579,1
25551,7
42549,6
22052,6
45632,15
4143,3
11310,6
32839,12
48171,6
22896,6
10878,8
31643,6
47624,6
35141,1
13498,6
24566,7
16533,1
15437,8
19426,7
32416,3
2427,8
9178,16
40606,6
28450,8
7946,15
21756,8
17843,13
44066,14
7427,6
11297,7
42965,1
23067,6
35066,14
27938,1
39075,6
20200,7
19823,6
12336,6
34714,6
45388,14
25639,4
33985,5
25524,6
19641,7
11106,8
22165,1
35412,6
23475,6
1570,7
12815,7
37253,14
16900,6
7701,3
49391,6
1132,7
13051,12
2284,0
21410,1
25604,18
45746,8
35911,10
26608,7
16991,11
40657,19
47960,6
38408,7
1295,7
40139,0
38538,6
26420,18
10326,6
5181,14
18210,8
3241,3
27062,15
41527,7
45484,7
38755,7
47246,5
164,1
723,1
299,1
1519,7
34077,3
45254,8
34760,1
11154,6
26274,7
15081,1
45100,6
1417,7
32083,10
29971,7
17679,8
36539,14
34975,7
4633,7
10321,7
35565,1
26919,6
9549,5
31863,18
22053,7
19443,3
18540,16
23354,7
13859,6
23904,6
6675,5
18595,7
12967,1
17283,3
23211,0
14358,10
31398,9
42650,12
25258,6
18457,13
11810,6
9499,18
11943,6
6810,7
34323,14
23296,6
45927,6
45196,17
19917,6
20210,3
41629,6
39907,6
4956,15
37058,7
20859,12
3315,0
4401,6
21361,1
44164,7
26391,17
47771,6
44140,3
43739,4
12481,7
12292,17
15965,19
23409,1
39005,7
2774,14
14529,7
16926,6
26890,3
9663,6
43052,7
24193,6
5476,6
10048,3
1981,7
12194,7
22202,8
7626,8
37365,14
44144,7
37723,1
47194,1
30827,7
33108,6
2075,7
6326,5
11083,0
30311,14
45371,1
18232,6
9768,12
6648,10
35650,6
23013,3
6669,7
42670,6
18155,17
44622,1
28426,11
23743,7
14176,10
9576,1
36577,19
16671,19
22964,1
16424,7
47225,10
17565,0
36401,1
30314,14
32982,1
21866,6
1475,7
13053,7
33983,3
24051,11
22800,6
16561,19
2740,19
219,3
48737,19
2164,12
13579,6
71,14
12420,0
35209,1
11472,7
43172,1
24927,12
37102,1
10743,1
27874,7
9565,12
21419,6
767,1
28308,14
37605,6
9558,6
31527,1
2419,1
7541,6
11400,3
23487,3
8087,12
21906,7
48830,0
37328,8
45490,7
9710,16
16153,14
39537,7
13923,7
8120,3
12923,3
1556,3
6871,1
34201,10
36146,3
33170,0
20082,7
26517,8
15214,6
34092,6
40902,6
44452,17
2083,6
44897,12
17850,9
26693,12
19618,15
35589,10
46084,0
17256,6
47570,6
32796,7
27047,1
39487,7
130,5
17627,3
29072,7
1108,8
22666,0
41630,6
27289,8
42299,6
36078,15
7098,6
46999,1
28791,16
39576,3
2447,13
22449,3
23828,10
5660,1
47460,14
17912,8
12288,7
44037,6
20875,6
6500,2
13813,4
4907,12
38186,11
9816,8
8170,6
21681,1
42384,14
35366,1
34244,8
35421,14
33457,8
28026,19
38122,7
21362,15
42253,7
21994,10
34457,6
40229,1
10181,1
38257,1
40992,6
15617,1
34754,11
45459,8
31295,8
44977,9
18322,0
23257,7
10084,6
16445,7
10594,7
26828,14
47643,14
49680,7
27446,3
8731,6
37341,6
42241,6
13669,7
21403,0
688,14
23894,1
35753,7
44692,7
235,6
20982,7
10166,7
2187,1
5022,1
49037,2
44478,1
8912,1
8919,7
23856,1
14647,17
48870,1
14377,3
18548,3
39591,1
46746,6
31926,12
10159,10
11342,5
32421,7
19969,14
3029,8
39565,0
7426,6
20624,1
4385,7
18761,12
46710,11
46241,6
14208,15
29323,6
40663,17
32391,6
9506,0
35402,10
48796,14
4657,6
2404,6
36923,14
41762,2
19344,7
19876,6
39452,6
19209,12
35461,13
5784,1
40345,7
24765,7
25563,0
40680,2
36932,3
28106,7
12717,6
40100,7
6960,3
20724,8
24433,1
32118,7
22353,6
23040,5
46246,6
36642,7
21579,6
24073,7
16775,6
24732,7
24221,6
33300,8
34971,1
19777,3
24337,10
24709,6
28557,6
8963,14
31515,9
22575,14
11011,6
42030,10
48012,6
13623,9
49552,1
5702,8
3847,15
34221,6
4312,6
35834,6
11849,8
38290,12
3064,7
30099,1
37354,6
27877,1
45642,12
10629,1
17557,6
3725,7
49507,14
5560,14
42239,6
29559,1
46028,14
26523,1
28313,15
32502,6
43610,1
35563,19
22160,10
11258,7
36220,8
15974,2
30449,6
29676,6
29951,6
2268,6
36813,6
28096,7
40471,7
6545,3
33598,1
22338,17
41918,7
2133,1
42259,11
11056,6
7034,7
17040,15
35238,1
46155,3
23356,7
3909,7
22107,6
1656,7
9302,6
19473,1
13566,6
23424,14
4139,10
15970,1
47732,5
37251,15
44870,17
9773,14
2131,12
6381,14
9613,14
47364,6
34376,1
26408,1
4763,17
18982,14
2766,1
19247,12
13462,6
19678,3
22814,7
18582,1
3124,7
19347,6
8812,7
22037,3
15423,14
35960,7
49336,10
1255,5
17646,6
20631,10
19492,14
22895,1
18607,7
34569,3
48356,7
12252,6
21071,1
22458,8
19585,17
15597,6
15038,6
20028,1
29764,1
17206,6
40901,8
37954,14
16933,3
42657,7
21846,7
33834,7
25873,8
5938,10
34762,16
39835,6
5805,3
13914,1
45924,15
41460,1
37287,11
25059,7
34872,3
7524,7
10427,6
8014,6
14740,7
24329,15
38514,3
12665,6
24655,6
7078,6
15995,7
15861,6
30662,6
17836,15
2078,2
3600,12
46302,8
28375,2
34839,1
18345,15
23205,1
34763,13
26692,3
10317,8
11767,14
36881,6
33468,14
20669,4
18159,10
22891,17
39588,7
35941,1
15981,5
26013,7
5076,7
1573,12
39380,6
13845,2
35146,6
32924,3
9567,12
35203,6
39666,9
17786,3
21936,7
8668,15
41339,6
32268,1
29706,1
42032,6
8105,3
11218,7
7159,1
47817,9
1572,14
38720,12
14780,1
31839,6
6501,9
39533,5
22820,10
9619,1
14025,7
19697,15
5370,7
32639,6
15249,10
47776,6
48134,7
24141,7
4117,3
20578,10
47585,12
20326,3
43932,14
29704,6
12447,1
38117,7
2684,2
25371,0
25518,7
27083,7
16073,7
45667,14
44188,0
44888,7
41594,6
1061,1
6536,14
31586,1
9792,7
40395,0
24861,7
32253,3
31082,14
19298,8
6600,6
46939,14
6092,7
36600,6
45979,8
46910,6
14174,5
10609,7
28647,12
19066,7
16803,7
49114,7
14664,3
39670,1
4583,10
31121,17
12589,7
22551,14
11817,14
22003,6
42091,11
45966,7
6811,8
2711,11
44757,7
5349,6
30294,17
48944,14
44048,10
411,1
44998,11
18078,3
48533,2
16485,0
32939,3
11808,6
23059,6
16466,7
7315,14
13178,7
2751,6
41395,5
20534,1
12111,7
38708,15
37481,6
28048,6
13123,6
2174,18
17190,6
25756,14
38180,12
26892,3
23757,7
8553,6
36272,7
35224,7
5203,10
23565,1
31420,6
43491,6
38773,6
15223,8
17763,6
24528,6
21704,17
45329,6
48876,3
3741,6
47710,14
9182,6
13782,1
3369,3
11985,8
39817,6
26869,3
37461,1
24217,1
2474,3
45929,1
12768,7
924,2
13258,6
7955,10
37056,6
17934,7
5843,6
46881,16
4049,7
24173,12
4683,16
32612,6
11314,11
13550,7
2483,6
9573,7
34113,0
37865,7
36951,7
4703,6
10734,7
40444,6
44334,7
35991,1
34020,6
3743,7
18305,14
7877,6
10606,9
30584,14
9266,7
35196,10
41070,7
25930,8
48564,7
14213,8
6618,1
18479,14
10279,6
30750,7
45701,15
22947,3
6467,10
16365,15
7184,14
23270,14
41805,6
7537,1
18616,12
42857,6
37906,1
16846,6
573,19
26657,10
12408,3
38232,6
33447,6
40227,7
35760,12
1385,11
47866,7
30871,2
22604,1
39397,6
38782,7
45343,9
26112,7
10209,6
31702,6
37943,6
23471,15
3529,14
46794,7
16626,6
32361,1
20932,8
11183,3
33661,14
12681,7
2450,15
23979,3
18465,18
28234,8
47449,4
33869,6
4924,7
18862,6
30556,1
35762,1
7396,8
21232,9
18299,18
35468,0
42838,3
33972,1
46021,1
1627,1
28873,6
38927,7
25262,1
19152,6
11061,3
27000,6
37396,1
47358,6
47825,0
24681,1
37706,1
44056,1
38298,7
30788,8
36144,8
21792,7
31745,1
15104,14
30589,1
14235,1
2608,6
34828,6
3282,7
4336,11
25666,6
17831,17
17008,12
35845,8
19494,7
30797,12
33763,7
19950,6
23089,1
32074,16
49640,6
8403,1
15879,3
7949,19
31483,7
32928,14
27647,8
34616,6
21113,12
41599,2
23924,6
36335,10
36194,1
10980,6
45999,1
3943,10
188,7
5799,6
20964,6
2716,6
5464,14
17640,14
39437,6
14835,7
3094,6
14826,9
30173,7
37811,14
22363,6
6369,0
26850,3
48887,6
44405,16
21477,14
32697,7
38843,18
20076,7
26429,6
35648,6
41794,3
22100,14
30216,6
17656,1
17317,1
4928,8
43965,15
6404,3
12274,3
6651,0
40406,6
40933,7
23419,1
37867,3
28834,14
23912,6
4791,6
36354,8
32298,0
44577,7
48859,3
32485,8
8394,14
7708,15
38385,1
22622,14
29716,16
44462,14
9422,1
22499,2
36,14
434,6
5479,12
42420,7
47346,1
44568,10
38650,18
19191,8
22848,3
17886,18
6036,15
38608,10
12890,10
15709,8
13125,7
48454,4
36627,14
47884,6
28,6
45365,6
40795,7
17651,19
1530,6
17604,1
4700,14
24972,0
23525,3
7092,1
43757,17
4808,8
7249,1
27589,7
47523,10
44244,5
10383,0
37285,1
21332,7
7311,11
28052,7
31653,6
1740,1
5484,6
41406,16
41907,7
46515,6
38392,12
15925,8
5094,10
31816,8
35713,1
31296,5
41640,12
22419,1
47874,8
6570,14
6936,1
34063,7
34141,13
44572,7
28425,0
38481,12
18955,6
46466,3
5692,6
39836,12
33718,6
36250,3
286,1
29766,0
20541,6
31173,3
46440,11
23905,10
37232,6
8517,14
21249,1
32700,7
22845,1
45461,6
1307,6
30010,1
21646,13
28148,12
26450,3
16602,6
9928,7
27063,14
22273,4
12744,6
28272,6
30350,12
23362,7
13645,6
16942,6
34970,12
27829,1
38058,3
13256,15
31859,7
43027,7
22235,15
2933,7
45981,9
11460,14
33770,7
24399,6
8006,17
48885,19
42585,19
40160,2
45541,8
22410,7
26226,8
4591,6
5457,6
39085,7
24040,6
6576,7
34310,7
27350,6
9968,2
2464,6
27952,1
43388,4
33143,2
28083,1
15927,3
10255,1
8011,0
5195,19
36015,6
40910,6
11309,16
47556,14
27958,1
27198,6
643,1
40853,6
15815,7
2063,7
19827,3
33443,17
44632,14
26773,19
3203,6
32873,14
24806,3
45942,16
1324,3
32526,6
48093,3
48942,6
8845,7
11546,14
44358,9
3209,6
10553,7
44430,7
44712,6
16351,6
44644,1
31670,18
49147,11
19750,1
48121,12
22722,1
9910,1
14236,4
48341,6
23190,6
20362,6
44794,1
39419,7
13526,13
42270,3
37208,1
33824,1
29953,6
16387,3
37672,6
1868,15
24984,6
47128,11
44303,6
20318,15
7513,7
13261,1
19259,14
31103,9
24037,3
29984,3
28159,6
5318,1
23962,15
2084,6
41793,6
18960,6
17025,1
15510,8
36832,7
20643,7
4154,6
10510,12
45117,1
43403,10
42471,7
6942,10
33309,6
6689,6
48687,14
9880,6
25590,8
21842,3
27151,6
565,7
21740,6
42399,12
35928,7
47060,1
43147,1
16625,14
16769,17
12515,6
14731,6
11658,0
49467,8
19749,1
39723,6
5722,6
31967,0
39857,0
16534,10
27334,1
32215,10
34903,3
24990,6
31307,12
38874,2
24130,7
27816,1
939,6
38293,7
7889,7
22114,7
24614,18
48827,7
3387,7
41676,14
3152,5
38805,1
27078,11
34940,4
16855,18
41891,3
36715,6
49455,14
26522,7
28420,3
329,0
18986,0
31705,7
7402,3
10212,3
10640,1
38014,1
5172,7
26986,14
5088,3
24522,4
1900,6
4801,6
27932,6
30941,7
42354,6
48854,6
39058,6
34294,1
46593,7
22582,14
36937,6
34596,14
42570,17
10147,7
44796,1
46819,3
30905,13
34980,10
49265,6
37563,13
25673,3
14267,16
32410,6
26392,1
27384,1
43045,7
22576,6
11597,1
22656,6
47811,6
7925,7
14860,7
27525,10
7798,15
10848,8
19062,7
32224,18
11529,6
12155,6
30628,7
21909,7
14291,6
3323,6
6502,1
25833,1
31108,12
47484,13
27396,1
48147,6
10489,14
12014,6
4904,14
36607,14
12756,1
32462,2
42204,1
246,11
47061,1
15908,1
29572,15
13458,7
14022,6
40437,13
48136,7
17687,18
48504,7
22857,10
11465,6
42107,14
12514,6
46339,7
8383,3
27362,6
38646,7
44084,8
12946,6
11670,6
34916,7
2944,7
33063,3
26982,7
2231,6
5118,1
28258,8
44113,7
47328,14
33937,7
40399,6
23562,6
12787,17
13992,0
38992,17
45269,8
15211,7
34602,11
41779,11
4179,1
37925,8
46161,14
5512,5
27845,10
12024,11
41072,7
17911,8
4237,3
40442,5
15522,6
6804,6
43807,15
21647,14
22758,7
32551,6
20470,1
20842,1
43018,7
45493,1
42442,1
14655,8
32247,1
32302,8
42075,10
19949,14
23352,7
48549,6
15053,1
23490,8
12080,7
41992,3
10618,12
2870,6
49226,1
10052,15
39400,12
8410,6
15752,7
18854,1
28448,3
27260,1
1083,15
21430,7
46343,1
12493,6
14251,7
37764,6
3912,19
28477,0
25100,14
44515,14
36019,10
44471,10
27855,8
47538,6
16954,8
5730,6
29892,7
25581,18
43708,12
49152,2
40984,7
13050,3
15031,6
42841,14
16325,6
1866,6
29547,6
24281,10
49183,19
41136,0
15790,6
23832,6
4231,9
5306,18
40103,8
45908,14
34333,8
19999,4
9304,6
11613,10
30183,6
14480,9
26493,13
46415,6
23012,7
2981,7
31371,1
8119,8
48376,6
42957,7
18688,7
38876,1
11197,7
48216,7
24611,7
16761,6
47345,6
16477,16
31855,3
403,3
48608,7
1985,7
36249,9
27201,6
22141,8
34166,2
4721,5
44230,8
21409,7
29986,6
15401,11
32341,7
46266,1
6633,7
42713,6
9117,14
16266,18
36470,6
16164,6
34712,8
29117,7
34991,11
24906,6
36954,7
29979,14
16710,12
48056,6
24035,7
32656,1
45875,7
1735,7
35986,12
45005,10
46636,9
31507,6
31348,12
28362,1
33305,1
36747,6
39897,6
27450,15
49579,6
24426,7
11507,1
6093,14
49338,6
11560,6
49597,12
17865,1
5995,7
9707,13
6888,1
46148,7
19940,7
34637,8
14214,3
15805,17
34328,14
27174,3
24919,6
33206,17
10745,1
41550,7
5008,7
10685,7
15287,6
25701,6
31525,8
27096,7
36113,1
48480,3
1944,8
26314,8
10478,16
15149,3
5024,12
1676,3
2869,1
20079,0
8053,5
6212,8
13557,1
9735,7
39956,6
21569,1
3269,7
4461,1
41598,6
44612,12
20150,1
7278,7
35809,12
21612,1
20357,3
23355,12
27727,0
34021,8
9970,18
36438,3
12079,7
22380,6
28065,3
49690,11
48671,7
18509,6
8903,17
23374,7
22475,7
28418,5
42625,3
44840,12
42121,8
2243,12
18032,1
19392,3
25679,16
11223,6
35867,6
33842,13
12676,6
38377,6
344,4
11864,6
16895,6
3001,0
19195,11
3635,4
23150,1
17502,14
16405,7
34160,6
34495,12
18377,7
18988,5
24880,6
48302,7
33358,14
20732,6
22094,3
8638,6
35556,2
27248,14
15746,15
46404,1
23323,14
39018,12
23510,6
27710,10
30540,3
48945,17
37197,5
27343,12
29349,1
38383,12
46758,7
24859,3
18292,10
32450,1
35936,7
36789,6
19804,7
16604,12
585,3
29352,5
48392,0
44324,0
5012,5
19487,6
17263,6
26127,2
39464,2
4870,6
16171,12
308,6
19155,6
18736,1
43352,10
24652,14
44181,4
36237,10
30286,1
4019,7
20111,14
35543,7
25992,6
8275,1
49613,11
45149,17
38610,17
18111,1
35670,7
30349,10
12034,8
20729,7
11458,7
16423,17
47404,7
43875,7
43513,14
21894,6
9350,7
18519,6
4651,7
14831,4
32530,1
44131,8
36724,1
20264,6
4994,14
47875,8
1952,17
6792,18
44853,3
13807,6
14303,6
27449,1
20389,1
32028,7
9758,6
15295,7
14904,8
9534,5
46950,6
15648,7
44473,1
29833,1
3015,7
43675,6
3329,6
27359,14
18163,15
45238,15
2146,7
17194,8
15864,15
6084,17
44220,0
1843,6
4777,9
27182,9
47648,14
30068,3
36696,1
47909,8
19016,12
32683,8
224,7
2031,16
26715,16
23886,8
28724,1
46037,10
38683,14
19328,6
15324,6
20480,3
43132,1
25028,6
15859,6
13023,8
27838,1
3661,17
35313,1
45668,12
3070,6
20607,14
33560,7
43354,7
19935,1
45795,6
42932,2
42059,6
47601,14
31240,1
5339,6
8192,7
4831,1
9134,3
49500,1
45456,7
47506,6
43238,7
43910,3
36829,18
2771,1
14712,1
37718,13
5264,7
26273,1
48641,14
46990,3
26575,6
43906,14
30518,10
45950,6
15967,12
25115,6
15112,1
34860,10
32100,14
11239,1
809,7
9212,9
34741,8
29409,8
39986,8
21487,6
36981,6
19115,7
37110,18
36185,6
26244,8
18026,7
36961,14
14384,11
6039,7
31871,5
35841,6
16074,1
39180,1
19331,8
8658,12
49574,6
25237,7
6947,1
5309,3
35914,6
14715,7
47994,1
11508,15
41662,0
39047,9
22933,9
5016,7
49449,1
39029,6
1721,7
41864,0
17358,8
36847,1
34812,14
5486,7
2492,1
45624,1
7576,14
34773,8
16904,7
4279,6
38068,14
7370,6
23586,6
48790,9
26717,1
32749,8
42536,6
5372,11
37143,17
37244,1
27674,8
778,0
14686,14
9274,13
37769,1
12871,13
38528,14
32968,12
6275,7
4732,1
9452,0
29194,15
16627,0
5127,14
26447,7
11489,1
23884,11
14545,15
19620,0
9771,6
21265,0
38249,12
3483,17
21262,7
14605,15
9448,4
15750,7
6413,8
17585,8
10057,14
29462,7
18943,3
22591,12
32048,8
32249,3
39578,6
21724,10
27119,6
25094,7
41200,18
33033,8
21389,15
49103,7
12519,7
26913,1
12460,1
3397,6
3502,6
42877,6
249,7
46008,3
14185,5
20873,0
11722,15
24883,6
3932,14
25728,12
16428,17
7887,12
48364,6
47197,14
28640,3
16758,7
39135,3
33302,10
23677,14
25509,14
35746,15
46195,6
19788,6
18888,17
21153,1
44672,10
48707,7
2232,9
36081,0
948,3
24512,3
24382,1
40648,8
48886,5
21967,14
40119,3
38221,5
49494,9
17286,6
10421,3
13088,7
34348,3
15405,14
15218,1
40233,6
26098,3
17221,12
25198,10
22532,6
41563,7
2554,7
38170,1
29476,14
33384,1
5770,7
5628,15
44069,7
18530,8
22369,10
9498,7
26476,0
29939,1
9336,10
26377,11
18442,3
13470,10
34689,10
11016,12
28985,1
25293,1
569,6
29992,10
20363,8
6981,8
30154,16
39960,6
25975,18
4029,1
49081,17
7493,14
10393,8
6915,1
42310,6
15612,3
23160,6
37897,6
44731,10
3460,1
29855,1
31140,6
4481,1
30882,1
511,7
1120,6
42651,3
18209,7
38368,6
31783,1
37589,1
17752,7
37020,1
19503,8
2718,11
28365,3
45843,14
4514,10
4311,7
41356,1
12022,17
6846,7
8983,14
47589,6
14859,10
20035,1
732,3
38568,1
10871,6
42540,13
48782,7
17988,6
8147,6
32029,10
25598,6
8695,7
11213,6
21053,1
29154,6
33691,3
32129,12
43787,10
40642,7
39782,1
38430,6
33438,11
31602,16
17581,6
25169,6
35755,7
33544,1
34252,6
30764,12
44946,3
716,17
24668,6
24270,1
13165,13
33758,1
3090,8
43987,7
39021,6
44460,7
29876,4
17737,14
36772,7
18174,6
20924,6
39098,8
32571,6
26957,7
11363,6
20736,2
42639,1
43350,7
15451,16
45175,6
5652,1
1569,6
39036,14
13673,7
1550,1
38553,6
38594,6
3220,10
24686,14
10863,6
46683,3
5113,7
34967,7
15420,6
9607,6
7190,7
7482,6
3928,3
11288,3
1948,3
6590,11
20275,15
14212,7
47990,6
36653,6
22436,14
34790,3
45752,8
19159,7
14515,14
27510,14
38699,6
34959,12
7206,12
2316,18
18823,7
1909,3
48313,12
5844,12
29975,6
41091,15
9532,7
46569,7
10399,7
42934,13
2688,1
27095,14
12476,14
23070,8
9837,1
45829,1
31887,18
28518,6
47168,3
45321,12
20662,9
9699,1
41018,10
705,6
42898,1
633,7
31443,5
18613,18
19060,6
17845,7
1534,1
41786,3
31656,6
17330,16
7048,6
7938,14
46208,6
33759,7
5526,14
26943,6
20701,7
35701,3
36687,1
21401,6
376,2
6980,3
39402,1
43095,17
18576,1
39720,1
17526,19
27549,1
27123,15
22979,1
46113,12
31557,2
20414,8
14487,0
24881,19
17955,1
39109,1
35576,1
25876,12
24669,18
22261,7
832,3
29742,7
21381,6
34322,7
7224,12
17978,6
9438,1
9458,8
41045,2
34614,12
16651,8
8230,7
39372,8
39357,6
44341,6
42052,6
45208,1
28626,6
48345,8
37791,7
15227,7
24053,14
17716,3
6087,12
28000,7
4320,8
21783,1
16148,9
47562,0
31541,14
43574,12
45475,2
16953,1
5239,8
4595,1
37279,1
33264,7
30484,8
9200,6
7457,1
42413,10
18484,6
20985,10
29503,7
45242,13
46953,7
13948,6
1623,17
33251,7
6148,6
30392,6
144,3
20602,0
48085,18
14896,0
47518,6
29161,6
39363,1
694,3
3887,1
12671,6
31117,7
14714,12
29993,6
20639,7
17665,6
3969,7
11014,1
19530,1
17271,7
30457,6
22989,7
45756,19
20297,6
10942,3
35686,0
13032,8
7951,1
20432,5
17971,14
4128,11
7589,7
18816,10
12650,8
418,6
36366,14
32991,17
6424,7
8134,3
39280,12
3091,7
23382,6
34090,14
23320,6
14962,8
42047,15
44805,5
36584,6
3016,14
6391,6
38188,6
1784,7
18300,7
3856,5
41841,1
16837,6
23687,17
38118,12
27801,2
17096,14
20235,7
13288,3
26749,14
19084,14
35200,0
41073,7
28016,6
18431,12
22228,14
27456,2
325,6
6543,16
7062,7
49221,3
44536,3
24865,6
26543,10
10096,1
38273,6
6710,7
49243,0
19624,6
24435,15
14883,6
22516,6
587,12
40539,3
11208,1
18273,12
22762,1
13300,6
42245,14
14177,5
4184,9
14277,1
41308,3
34438,1
9805,0
38007,6
23919,6
13945,14
32279,8
17456,14
47941,14
32310,14
44442,8
14163,6
27573,6
777,8
44116,1
13347,6
29348,7
14219,7
39983,17
33682,8
21443,14
47642,7
1759,3
1205,1
4794,12
17408,6
34666,3
40237,8
13778,3
41289,7
3560,14
35830,6
11151,8
12789,3
21166,18
24716,6
25586,7
11046,1
31793,15
28746,8
7226,3
30991,6
47476,13
30626,12
49367,3
35754,8
4247,12
49423,1
22295,3
2749,6
685,12
30988,5
46285,6
40492,9
22264,7
15921,14
388,7
33121,1
35685,3
4416,15
17725,6
39525,8
27034,5
28470,14
38953,1
20045,18
12896,4
39573,6
8838,8
15399,1
39439,11
26837,7
41220,6
35968,6
24335,6
10983,17
5516,14
38894,19
11887,6
31306,3
38578,6
3561,7
45095,2
30969,17
14389,14
29670,6
40995,3
33629,15
10616,12
30886,8
18995,5
31098,6
34607,8
48989,7
44542,18
47075,6
19228,1
2685,1
11686,6
9610,18
30405,6
43666,8
32892,7
44741,3
6791,1
440,6
22693,8
24328,1
13800,6
23873,10
12767,7
5929,8
20645,3
20999,7
29995,14
35223,7
22414,17
23410,1
36558,16
13704,3
41952,7
46915,14
47170,6
2295,3
46128,1
48349,15
1482,1
26589,6
9418,2
31356,10
16052,6
43594,11
29099,7
23472,6
34914,7
19404,10
28299,11
12314,6
6047,8
37581,9
12750,8
17498,7
7694,16
14531,6
26628,14
8205,6
25101,6
29045,7
20917,19
8311,10
10213,6
15241,6
46132,6
15349,7
22580,3
47335,15
17759,3
27633,1
42313,6
47272,1
4553,3
15235,15
34102,0
21227,7
9782,3
6913,18
11944,6
19035,5
9848,6
42745,6
40846,14
27618,7
41067,14
13555,7
18063,14
16962,7
8415,6
19041,3
38889,0
32528,1
21750,10
11344,3
27945,3
37025,1
789,6
25084,14
6024,1
14741,5
20468,1
26963,8
1451,8
27745,6
31347,8
46592,6
38107,14
5987,15
1808,6
23783,6
28618,3
36764,1
11326,16
3020,1
24326,1
34002,8
11499,8
9268,1
49368,14
44720,7
13127,6
34494,1
48382,1
18585,6
40052,6
46321,1
49561,6
9453,1
19555,15
17833,6
10196,6
35996,1
22530,12
44176,10
2669,2
10896,1
7343,6
46255,7
27043,12
20998,6
12357,6
36339,16
45086,8
37690,1
37829,10
3537,6
5150,7
13,7
44579,1
8749,7
131,15
44306,7
19202,1
21300,8
27286,6
18297,3
4388,1
22234,3
7359,7
39947,17
6855,16
46057,11
33950,8
36009,7
23732,17
21316,19
32806,6
34343,1
11973,1
2380,8
30667,15
42364,8
30258,1
34109,7
5265,3
123,6
12498,12
23713,12
25176,3
28576,6
32563,15
38829,7
3835,0
1960,6
43991,1
45136,1
41554,6
10118,1
43827,8
32583,12
31949,6
23574,6
28211,8
21793,6
25914,6
34735,12
26071,3
9476,6
29443,15
16966,11
6457,7
25882,3
48390,6
28356,2
15699,1
2090,1
4686,7
27937,6
25560,1
38937,17
48670,14
2547,10
17442,14
28669,3
4410,4
36917,15
46755,17
25321,1
47019,1
33077,5
11593,7
44295,6
46632,3
18503,18
29030,7
32516,4
35128,3
41715,1
49185,7
35517,17
13909,7
36886,3
29304,17
29577,0
24570,7
29466,8
10724,1
30026,14
37133,12
29346,3
32871,6
46420,1
29083,6
4402,7
15877,7
33448,6
3541,6
27704,14
28658,11
23793,9
11040,6
28419,17
37086,8
13965,6
28674,7
5645,8
20756,6
15548,1
14495,7
11989,3
47482,8
14101,15
1289,7
49473,10
39161,10
14452,4
31489,7
15599,7
28440,0
33624,6
24090,6
16137,6
4819,1
1377,7
47636,8
25907,1
35894,6
20315,6
27199,8
34055,14
26938,7
5734,5
32241,12
2163,6
20340,6
6278,8
49404,8
36731,1
29165,10
24932,6
6591,14
14644,12
43518,7
28979,14
45821,14
26627,0
39139,6
3026,6
13204,7
762,0
28036,8
46514,6
34536,6
36484,6
5676,14
13715,15
43019,7
2471,6
34065,14
39362,6
4987,10
28414,3
8710,8
6610,14
28847,6
10560,12
32993,12
16912,6
35262,1
46936,16
14553,1
17471,10
22897,7
2789,7
3897,7
22751,6
16566,3
23033,8
30500,6
13018,19
13077,10
9177,1
16012,4
5293,15
35451,3
5591,10
44443,19
36811,15
7031,7
11475,12
5556,7
33728,6
46703,6
41776,12
4099,7
4251,14
29381,3
30300,7
27494,7
48254,14
32789,15
44569,3
44160,3
18762,6
23808,1
11875,14
35843,6
4948,6
34713,1
8352,8
28407,7
3506,6
44338,4
38464,10
1139,1
12287,9
27031,6
42153,6
42686,8
44415,12
10072,6
8618,6
14153,6
23825,14
21440,6
13366,13
24979,6
33437,1
4864,7
33017,1
15122,1
42731,6
8281,6
2812,6
30683,18
24249,1
12169,3
28629,6
32774,17
15181,7
44314,6
37583,7
28069,17
33503,7
24015,15
39333,6
13414,7
4855,3
6512,7
21974,3
9062,8
6243,6
10675,7
35788,14
37372,3
28810,16
23045,1
21296,8
33484,6
30045,15
17354,6
30061,3
41671,10
13160,8
43260,1
43992,1
16117,9
30403,6
37331,6
5456,18
26893,14
44470,7
38130,6
9361,1
19320,7
3545,6
25778,14
34074,17
34216,10
38817,8
20749,8
31535,6
2052,4
18186,7
49595,7
47592,0
26011,14
23403,7
8005,7
19517,5
10157,14
47071,13
22469,7
26224,6
29482,3
8227,8
12580,12
26385,15
49610,7
6446,6
1766,11
19538,6
44811,6
16844,6
28777,7
28282,15
15025,9
35345,15
21527,5
26997,1
40454,3
2828,6
18980,19
13604,6
9911,1
49684,7
5056,14
2990,14
32016,6
37476,3
33761,18
20280,1
19266,6
17492,0
29376,6
39788,12
606,5
28514,7
8497,14
14688,18
6514,1
22222,1
40303,8
23173,19
26842,10
38197,6
6680,6
11165,1
10077,17
10703,14
32046,6
40961,7
35596,7
1653,15
3886,10
14121,7
36351,6
32915,17
5386,5
40215,4
183,3
24641,9
47715,14
34390,15
712,6
12535,1
49435,6
30517,3
3489,6
1636,0
30044,6
24095,7
22105,3
24627,7
38840,10
9246,6
32088,10
38769,6
5657,14
15325,14
28603,6
42188,3
30446,10
1757,1
32710,3
2136,7
27690,14
35074,6
48873,13
39277,7
28708,10
45762,8
37933,1
4491,1
35597,5
15163,8
25745,1
49614,6
41946,6
6372,12
39604,7
42983,7
19983,7
21892,7
20647,6
47368,6
3557,7
41749,14
31498,6
19271,3
15640,17
26181,3
22491,7
31939,7
35961,0
9811,1
40599,6
40190,17
16581,6
22637,2
37123,7
36020,5
2226,18
43012,8
13134,6
18749,6
1692,3
10138,1
25235,15
13955,6
42655,6
12415,6
7502,6
27394,0
44210,2
5331,7
25173,8
48988,1
20735,10
22048,7
27644,14
43242,19
28368,1
2429,8
25477,12
30938,6
29877,10
30451,6
48987,7
17989,1
13439,10
33444,6
38794,7
37227,8
39679,7
34234,1
38038,1
7274,3
18018,1
11450,2
48160,14
21288,6
34704,6
46684,7
7049,16
9116,7
22485,8
6346,6
40269,6
35850,6
1429,8
19739,6
38972,1
39570,6
43463,1
21757,6
36070,6
40550,17
22914,14
15074,0
41576,6
46372,7
8751,6
47378,14
21143,1
3818,4
48486,7
23388,3
37216,17
13142,15
828,3
18468,3
25554,6
9863,13
12771,7
3066,6
35442,6
25696,14
38136,10
35825,7
28933,3
34629,8
22169,3
7028,7
37204,3
16980,4
27356,10
11736,7
1632,8
1073,14
8236,3
42866,12
30904,14
35258,9
17290,7
35929,6
46072,7
46763,1
47664,7
45625,6
31177,4
33941,8
12272,6
48146,9
11812,7
42795,6
14372,17
2964,1
9236,2
18992,7
30902,3
30939,14
20108,5
6562,6
46412,6
8034,1
37521,8
46651,14
32493,1
3251,12
31825,6
2676,1
32140,10
5326,6
38240,1
45874,6
17253,6
25292,6
48666,7
49278,19
47903,4
42062,3
27885,8
21229,6
47629,12
16695,8
5355,8
45369,1
25736,2
29882,6
38900,1
1508,8
2526,2
16563,1
49060,3
31448,11
36746,1
1280,12
41950,7
25948,3
35444,1
2881,1
44080,14
4446,18
47106,7
15521,8
44359,3
48967,8
1599,8
44514,7
7140,3
27656,16
35581,6
6359,8
41639,6
42680,6
31520,7
47846,3
7993,7
2996,7
27737,14
27427,6
3734,7
44673,8
43924,6
18628,3
3596,12
37666,6
14633,6
36259,9
19752,8
16697,1
9550,9
20813,10
34356,3
3583,8
14148,1
28329,1
166,1
12368,1
32261,14
35306,7
1414,1
45051,7
20767,6
23450,7
404,6
527,1
25416,7
25409,15
34603,14
20266,12
9513,6
7794,6
19429,4
11328,7
49242,14
40411,1
46424,1
1634,7
47221,3
3963,6
15515,7
6735,7
41899,1
36222,18
24468,6
9876,6
33614,8
42279,10
46846,6
34711,6
39556,7
1064,8
30080,6
6076,10
5670,6
44525,18
19743,11
36205,13
9030,7
39755,6
39434,4
37803,1
30053,7
11661,7
17918,12
44237,7
38536,15
47369,11
6108,12
16807,0
41329,8
33582,3
9570,6
47129,6
14268,17
8395,14
38977,10
22716,14
25753,6
12018,3
31659,6
21149,16
10328,0
33585,17
29192,15
46733,14
12887,0
24354,7
39237,1
19430,6
39895,7
34566,8
17889,7
40652,8
31395,4
35908,16
18341,6
17745,7
40560,5
25097,13
31430,8
25484,1
43668,14
2184,7
12106,14
25747,14
11423,6
22403,18
2880,17
15445,1
9825,12
31607,6
9341,1
2406,0
28466,15
8619,0
16097,7
11652,3
16852,1
29111,10
33602,12
35,6
47741,7
39820,0
25332,7
5720,1
19634,8
34851,6
14117,3
12195,1
33665,10
46228,6
15964,3
47502,14
41865,2
46055,3
8863,0
48658,1
42251,14
33164,5
24526,18
39431,7
3893,2
34175,7
6727,9
17230,2
24579,8
15873,6
3703,7
27030,1
9149,12
16152,12
49665,7
27036,2
8341,6
30384,7
32883,3
29047,6
31964,14
7011,6
46301,15
3495,6
11949,3
975,1
15529,7
15372,6
5176,1
13631,18
42028,1
4936,11
26471,6
43833,1
47933,14
38373,18
5780,1
46303,11
27308,7
10340,4
48900,7
876,18
10446,17
15082,7
31706,7
24885,17
34944,4
7917,10
5923,6
44272,1
41074,8
381,1
16053,10
37470,1
23027,7
42078,7
13183,7
14828,7
15394,0
46300,7
38963,4
679,10
34558,8
31528,8
45629,8
5034,6
35031,6
13237,6
42339,10
3911,12
20409,4
24741,8
18381,17
7572,8
24226,10
19945,1
31809,7
17903,19
48664,11
14122,7
3175,6
3403,3
11062,12
16629,3
11349,14
14353,10
25633,6
11424,1
36024,1
7151,10
12777,13
34289,17
13904,6
40792,1
11649,7
227,19
10396,6
6559,1
14195,1
21511,6
431,6
5651,17
20754,6
24905,16
16731,1
9006,1
43909,17
28526,6
31141,7
39787,7
35320,7
25077,7
2902,1
34305,7
6174,7
24695,12
12211,6
13227,12
728,10
21635,6
14011,8
5861,7
9976,14
49218,6
27684,7
11095,14
47314,7
41901,8
5859,7
3947,3
14030,6
10056,7
39408,1
35283,12
13994,14
36302,10
16113,2
47207,14
36198,5
21134,6
49070,6
8030,8
31802,7
36511,1
7785,14
38965,6
31453,8
43100,0
32307,17
45405,6
28532,7
16092,3
29029,19
5596,1
11369,0
37436,1
2421,3
22070,13
10600,7
11150,12
29257,6
38540,0
18998,6
39974,6
2159,6
19679,1
44146,6
36086,7
20676,3
39779,6
33522,7
498,1
45937,6
41501,6
44156,6
5643,5
35874,6
24413,15
47297,0
10073,6
4798,6
7802,14
3970,6
24416,6
13072,7
29046,6
12898,1
24957,4
18725,2
46929,6
23140,3
30516,6
34081,2
12927,3
44088,1
20785,6
16672,14
5400,10
30322,6
17272,3
9797,7
14795,0
7619,8
42124,12
23249,6
44158,8
17462,8
3580,6
9896,6
29669,1
30625,1
7685,8
7632,6
28349,1
4510,16
35383,15
18569,11
11379,8
9434,6
37774,6
33651,6
47017,13
31874,10
26733,17
20962,4
1467,7
11173,6
12949,6
11565,7
29756,1
25577,15
36779,10
10974,8
42163,1
15337,1
23242,4
7952,2
27424,17
3816,8
27190,3
43764,6
17714,8
30022,12
33281,7
43503,7
27385,0
2396,11
25387,7
1017,3
18852,12
14861,7
47487,0
46015,1
12684,8
12588,15
33061,1
38952,6
20915,8
34732,6
48656,14
38736,9
20374,7
18664,7
15638,3
10458,14
47980,6
43084,6
4534,6
26269,3
23498,6
5053,3
5010,6
49028,8
36714,6
21490,3
8448,14
49408,6
28982,7
20207,6
37751,6
42412,11
47466,1
40672,6
47821,8
42090,15
10019,12
45793,10
32933,8
48283,14
19798,6
41233,3
37147,16
26516,12
4305,7
30883,1
31677,5
25378,7
40122,12
20889,8
10994,6
29311,12
46431,6
17648,7
32111,7
15728,17
16960,9
23535,6
29667,7
31729,10
41910,7
13996,8
21089,8
32705,1
42847,1
26201,9
26813,11
32471,6
44990,12
17237,6
39403,11
15652,8
14568,6
44779,11
37888,6
9529,12
20700,6
17741,7
17475,19
12581,1
5996,2
29042,6
987,6
39819,7
31679,1
1150,7
39167,7
43037,12
20071,6
43815,14
31649,2
12218,1
32836,7
18175,18
48197,5
31474,8
46428,6
25246,7
2991,8
38216,1
14978,3
31085,17
34515,14
6026,0
19132,6
48775,1
29309,7
4033,6
36462,15
13235,18
17863,6
25694,1
24204,1
14541,4
13993,7
8996,3
9943,11
22707,15
35292,18
46886,6
11566,15
8272,6
30552,0
21033,6
42971,14
42275,3
44059,17
44159,1
48500,8
14617,3
7867,1
13913,15
40684,12
49174,7
34772,14
16738,3
11353,6
17429,6
6213,6
26682,7
42067,6
45944,4
43318,17
32084,1
23806,16
2721,14
6479,3
48519,1
12560,6
4171,12
14434,7
21159,7
44745,18
12965,14
39978,15
32514,14
1336,7
48649,3
21591,7
32813,14
5818,6
39944,6
33274,7
13429,14
9739,6
44031,6
25007,7
29143,7
41309,0
17675,3
5570,18
12206,7
33553,14
30898,17
23937,6
11454,17
16091,5
6058,14
18720,7
42018,15
3462,2
19617,14
18874,11
6416,7
15063,14
46292,10
38247,0
36427,4
47417,1
4768,0
11626,6
21027,6
22079,1
20527,7
27846,6
16236,6
46145,2
7761,7
34212,10
17180,7
4546,7
44474,8
37886,6
17842,7
27282,5
979,1
6895,14
4150,3
32995,18
8444,6
13686,14
8918,6
17569,18
19313,7
23833,8
4623,10
18164,1
45780,18
17994,7
12268,10
14368,8
19242,6
21658,7
32160,7
20931,10
30800,14
33829,13
29674,16
36367,3
40547,19
39583,7
18638,8
10010,6
7084,14
30421,2
24243,6
38417,14
5183,3
4522,6
29727,4
47928,6
11211,8
10117,3
26611,12
21852,2
41769,6
16342,6
13694,6
1173,17
12257,10
27392,18
20360,1
16090,1
31245,6
23411,12
46268,14
45488,6
39708,1
25281,1
9057,18
24917,14
49532,5
5491,3
33378,14
23340,1
13456,7
31952,7
39823,10
445,12
28523,13
32201,8
5612,3
44099,7
7608,14
30971,6
38223,3
43482,14
36483,8
9875,1
18378,17
9583,7
13947,3
8681,0
46374,6
47034,8
45643,1
5551,4
23694,6
32724,17
48999,6
5952,17
36593,7
48894,6
27066,8
9343,6
35625,7
22159,12
39883,6
20939,6
21471,6
2208,2
38731,12
10206,1
425,12
11081,3
48333,6
46536,15
25686,7
41323,6
30523,14
29731,6
23018,10
43425,7
43325,8
24159,6
2121,10
15876,1
11191,14
4338,10
4072,8
29363,11
29278,1
4276,6
47413,3
16670,19
31767,7
37741,6
45568,1
13871,6
15015,1
1536,3
1466,10
10405,1
15963,3
45075,6
2588,8
17070,6
14012,0
44422,7
14609,6
46913,8
5710,6
16086,14
48335,0
41667,1
20551,6
29812,0
32212,6
18,1
14823,6
30464,15
31748,6
8081,7
2484,18
41751,10
25020,1
6889,17
37348,3
27337,5
21625,12
43407,1
737,6
42668,5
36758,14
3528,12
40542,3
8277,3
22826,7
16937,7
8216,7
10738,1
11932,13
21240,17
14296,8
24128,6
44718,6
40317,8
22385,1
16417,17
19098,6
36846,7
10401,3
10602,7
16051,1
25205,6
45464,6
8956,1
23386,15
7691,1
21774,8
49705,3
34095,3
40336,16
44728,6
10843,1
21666,13
44202,1
17673,9
34724,3
32367,1
14479,14
46203,14
7485,15
24792,1
37601,9
11749,7
40459,1
6034,6
46184,6
8659,6
28264,7
40788,14
25901,6
6880,1
26443,7
27597,6
4679,14
27054,7
33316,6
28346,11
46206,2
9856,3
36740,5
38157,3
11701,7
43877,3
21737,1
17489,6
5182,12
47765,14
36916,7
21953,5
44316,3
37928,11
23423,1
26636,8
27428,1
29136,6
45677,7
35525,5
28707,6
4234,1
45606,1
6646,1
1733,2
31169,6
45279,7
14269,8
26266,6
15973,12
15279,9
33120,7
26073,6
25767,19
12044,10
822,16
13536,15
1978,7
3895,10
8427,1
16946,1
9005,6
42707,7
17931,1
2110,18
21611,6
48079,6
22441,7
43783,6
49514,6
26278,17
39096,17
36782,7
31016,13
41700,8
8046,7
14017,6
48126,7
48972,3
21200,7
37825,10
24835,10
38205,8
48460,16
29019,3
18799,14
23742,7
30089,16
1400,7
7025,6
19873,3
29374,8
45577,15
46375,14
28377,6
39019,18
16754,6
28648,3
32006,3
49138,6
14159,8
33747,6
49510,6
2118,7
14463,4
12299,7
16115,7
30854,6
41412,10
36655,6
31595,6
8225,13
47650,6
40681,9
43979,9
7934,1
45199,7
6851,8
4006,6
610,7
18142,3
34363,6
30475,14
35246,1
29020,12
27993,6
24921,11
22164,6
725,16
34349,7
48655,18
46658,6
28212,7
27714,6
6049,0
19836,1
33934,8
1338,6
21498,6
27005,6
40168,8
4877,12
15415,6
5545,2
20433,6
11634,6
25492,3
21017,15
22311,8
17808,6
30869,10
11794,14
26414,1
1450,17
17605,6
19789,10
25287,6
526,2
6426,6
838,8
38921,11
43956,4
16406,3
33285,6
45131,3
44192,1
36629,6
23975,14
46511,10
45907,0
22734,7
43589,7
30287,6
23900,7
11928,7
16529,0
25626,17
12962,10
19959,10
18195,7
37128,0
25730,16
40554,10
34484,14
17596,10
47805,6
8438,7
31594,1
2308,7
40522,6
42693,9
48848,14
44560,14
7700,7
43908,11
3930,6
20940,8
12360,9
23094,14
20327,15
34630,18
41264,0
25085,8
48479,8
31715,10
29569,8
39317,6
15719,1
4162,15
15001,5
12123,18
42748,14
41905,7
4484,10
30867,1
17319,1
13081,7
11899,8
13374,0
27495,14
18138,5
14851,8
16111,7
23947,1
5970,6
16594,7
5820,3
28254,6
10280,14
45113,14
26103,7
14985,3
35731,6
30031,14
27627,11
43874,7
14497,18
45524,14
42287,1
5922,6
25698,8
19355,1
24250,6
11355,3
40719,7
17155,6
4387,0
21848,7
45934,1
14669,7
7153,6
19848,10
7324,6
11419,8
42599,7
30771,10
28371,12
33112,6
49146,8
40340,6
10502,7
47056,6
41269,13
3350,6
23684,10
20727,1
23099,7
49125,7
24362,10
44077,6
22428,6
34271,14
24892,7
28073,15
37462,1
12,3
49513,7
43115,6
44461,7
41691,7
24331,1
34010,6
33379,8
22653,6
18136,15
47396,1
373,13
28717,6
41036,10
23119,3
22546,12
29176,6
36192,1
41978,1
16397,7
22951,12
35400,6
18095,0
12517,7
37493,6
3927,6
1147,6
1370,2
18935,0
10993,6
4693,7
10439,6
17130,6
1815,8
871,14
18587,12
34251,0
12739,14
36588,1
18833,12
47216,5
9988,18
31994,3
47730,1
23665,14
36099,0
20308,1
36430,19
19185,1
12413,1
35605,12
20708,6
19801,15
32603,12
22243,8
7244,8
37724,7
22988,6
41278,9
2244,3
5,6
32270,13
7837,7
28188,7
41484,6
4767,12
13508,7
6806,12
26307,7
33387,15
9764,1
4815,1
42662,1
41477,18
6417,15
22285,5
49476,6
26084,17
44742,1
19022,13
32578,5
10514,7
13815,8
19472,13
7373,8
23280,12
11559,12
12765,6
40511,1
40858,7
24236,7
16187,12
42423,10
32296,6
44908,6
2833,3
25142,7
7268,3
5582,17
25289,6
2838,14
10185,11
45665,12
38764,6
33129,10
18427,17
15256,14
6477,12
30986,17
25978,2
5957,1
40329,6
11071,10
48793,7
5115,18
40723,8
41245,7
6240,7
4699,7
13769,4
33336,7
4811,4
18127,7
42772,1
45102,5
26926,1
47055,7
15650,1
26966,8
45230,1
44400,1
26203,6
21311,6
11945,12
25732,6
39567,5
25575,9
7211,1
13410,3
173,7
11563,8
38716,6
32625,1
22638,16
23818,6
8596,7
27471,1
28233,6
47682,6
20385,6
12567,7
43903,1
4925,14
7818,9
35051,6
4586,7
20743,8
16369,10
13883,3
38849,10
26017,6
24719,3
15767,12
30007,3
34297,14
30597,7
25578,14
41719,8
23913,3
11153,7
39196,7
7338,1
21090,18
25451,7
5482,6
23031,1
15926,6
28527,6
40828,10
42196,16
39387,3
28870,7
15503,7
36678,6
38576,6
16192,1
25622,7
12687,6
48280,6
47405,6
15140,3
20579,6
30880,1
39040,14
17487,8
3762,19
20910,11
19072,14
39412,3
28679,5
7314,14
34143,6
5594,14
24503,3
28432,3
21054,1
11965,7
30692,6
9901,0
37008,4
25505,6
10740,7
21791,7
5539,1
19680,6
24129,15
8351,6
12701,10
12042,17
26441,8
21399,14
43615,2
12283,6
32715,18
24499,6
9035,6
22563,8
28467,7
41765,6
38064,8
31087,10
23005,14
25806,9
37930,10
10879,0
40080,14
11216,8
42099,11
27377,6
4453,8
9001,16
27383,6
18472,1
22313,14
31709,11
38931,7
5261,14
17530,5
19071,10
42108,14
7099,0
10678,1
226,12
16283,14
42538,9
7991,1
6127,7
16011,6
5664,19
19882,8
48540,10
45897,10
46935,6
738,6
25990,15
15397,6
17496,9
29458,8
31331,1
17562,2
12661,14
35726,1
34728,5
32619,7
14510,13
25391,19
34723,3
28055,6
15498,8
42070,10
26506,6
35888,14
40255,17
2943,6
48785,6
8979,5
27068,8
19842,4
28677,7
27565,7
35410,6
6149,6
45188,6
33341,6
15024,3
35126,6
19020,6
9491,1
40281,1
34120,6
6504,14
8285,8
21811,3
24014,6
5134,7
7360,6
47692,1
41845,16
34326,6
19249,7
6843,4
15897,14
17032,8
16293,6
9128,10
40249,7
33418,14
38161,15
24973,7
30725,2
46619,14
16252,1
4516,10
3652,0
7704,12
18104,5
39865,12
22207,14
29362,8
40422,1
5285,12
36114,1
26586,16
49698,8
27718,1
36219,15
30609,5
44118,1
30917,2
37880,7
43301,6
21584,2
8328,19
46508,7
31063,6
17264,0
586,1
19414,6
10375,3
29177,3
949,7
28118,7
4160,3
24882,7
13571,6
11532,1
6928,17
31998,8
22741,6
13915,6
48633,6
1011,10
17649,8
32786,6
18615,6
48257,14
11599,6
43063,3
14526,7
37125,14
8063,7
32934,6
12139,7
33392,7
8538,7
47527,1
33955,6
8088,6
33306,5
22004,3
49699,0
45344,11
8924,7
8965,7
37812,7
26605,15
1499,3
41392,6
2338,12
48685,6
39463,7
16150,6
42577,18
761,6
43360,8
47783,4
20532,3
11963,17
41456,15
20446,3
34645,12
4238,3
49502,13
6451,7
18981,6
35385,6
2459,1
32884,6
4809,9
14992,8
36732,8
33064,14
16264,1
46857,6
7003,7
20492,15
25654,14
10849,7
29207,5
27412,6
47264,7
24155,8
49484,8
36541,7
49339,3
25840,3
14136,1
45538,14
31716,14
35893,6
20742,2
1158,15
7742,6
14846,6
27770,1
41274,6
43871,14
24983,4
37305,6
18545,0
41013,6
15782,11
3892,10
16005,1
38901,7
40350,1
40268,3
11941,6
32193,19
6438,8
28612,6
34937,8
18750,10
44983,8
8662,7
10026,7
784,1
28879,3
5707,6
45299,7
40004,8
7800,6
20166,6
48006,14
20841,17
23893,6
20164,6
45206,6
22864,6
46996,7
16927,6
678,3
1317,6
43897,6
24269,6
11316,8
1902,14
46191,7
31549,7
22391,1
19490,10
8356,10
45697,3
47308,4
46898,1
14830,14
3738,7
33149,8
36390,6
10543,7
22597,6
49045,18
26531,10
38356,7
31739,4
28912,5
42828,8
3903,7
44976,1
28573,1
44215,1
35636,11
10709,7
44787,12
3263,6
36111,6
38476,2
28105,1
43568,6
6441,7
45081,10
8666,11
35983,1
14186,6
10143,1
2448,7
26012,14
48776,6
39833,14
12533,8
13637,7
5998,7
28339,3
26881,7
40945,13
36422,8
40041,11
38541,6
35240,10
44367,8
18043,15
35014,9
30069,11
16713,16
12339,10
12234,7
12453,1
22609,4
44725,14
29732,3
44392,3
23798,7
24772,0
12345,10
23309,17
40450,1
28710,8
8336,3
3554,2
5668,6
34033,8
20513,6
1130,1
30203,7
46316,14
29023,6
22289,7
49330,7
32512,7
4554,8
14947,17
33667,3
49000,3
31457,1
46254,6
37570,6
5605,1
24507,12
30816,6
32852,4
13107,16
20463,14
85,7
27025,6
40983,1
20113,7
44284,10
16999,7
35662,9
14382,10
40297,3
32630,1
7264,7
14867,2
18802,6
3985,5
35155,6
17760,7
14474,13
28666,3
38277,14
7931,12
49649,6
8266,8
29725,1
20460,6
4097,2
44710,6
6344,18
11194,8
44716,7
34191,3
39699,10
14929,1
47451,11
24368,12
884,10
5137,6
38574,17
48792,18
49132,3
5669,6
37952,12
49298,17
41405,6
34909,3
10767,3
5721,12
27292,6
18692,7
27907,6
45127,3
33534,14
26,1
13068,6
45579,7
28956,5
1201,3
43090,1
30197,6
27762,6
43057,7
24887,6
43916,1
544,7
10438,11
9331,3
649,14
32577,6
36873,1
48446,16
28909,3
1999,6
42137,7
48503,17
49033,1
1053,7
5535,3
21864,10
21042,7
3321,1
16337,14
22885,1
4020,10
41425,3
2830,7
26570,7
19943,6
17114,6
6009,7
43791,12
13681,7
11385,6
21875,8
32449,7
3924,7
8799,7
1989,3
23288,1
23920,7
46349,15
44238,7
31337,10
14492,11
18368,5
13781,14
42371,6
20640,6
48955,6
46955,7
30032,14
3103,17
19597,7
23435,1
31446,1
33791,5
23813,6
14538,6
35181,6
6246,7
40850,3
32080,9
781,4
7679,1
44640,3
17645,3
12454,7
28430,7
6876,17
48868,1
43333,7
9807,13
27843,6
45089,7
41811,11
28131,17
23394,10
29599,6
40086,1
20013,6
18134,14
48291,9
30903,0
2777,16
3630,6
37511,12
26835,15
7201,6
20442,14
19136,17
40878,7
1177,8
43121,7
11307,5
37617,2
25583,12
27863,8
17830,6
18267,1
29923,12
27827,1
4616,10
9979,6
2878,7
40101,6
13411,7
9683,6
48733,11
27233,7
25926,1
22098,3
16095,1
15839,7
10882,3
44004,15
45224,6
40285,6
20598,6
19307,1
14899,14
36512,1
37453,1
4319,15
28718,6
44611,6
26031,6
36988,1
24182,5
4727,1
25982,3
9544,11
48030,6
47789,3
16245,3
12440,11
32989,17
10582,14
23028,10
45653,6
46888,14
20392,14
13453,8
1300,3
29343,6
27423,14
46977,6
27479,3
37899,14
21177,18
45590,6
46775,7
45416,3
23039,2
26308,16
23306,12
42367,7
41379,6
16715,6
33712,1
24136,8
26094,8
2212,1
19672,6
42872,6
36661,10
26319,6
263,7
13942,3
43311,12
12743,12
7519,6
35601,6
44197,11
8617,1
6573,6
13377,1
31725,3
13042,8
2701,7
38137,6
11356,10
3202,6
15530,7
18012,3
22683,6
37199,3
5169,10
43401,12
7246,8
36491,8
40868,6
8084,6
45914,8
32344,1
27508,1
27323,6
29576,7
13998,8
28214,1
2918,7
19918,6
44955,14
7007,11
32164,11
20929,18
10380,6
28015,6
24501,6
37257,0
17772,3
7977,18
24949,7
9467,3
18520,6
48539,10
11435,6
44041,7
44022,8
19010,7
18395,8
35008,6
45807,7
27065,0
460,3
22725,15
32575,14
10099,3
9431,7
9493,12
30423,7
11861,7
22632,6
32893,14
5868,10
3938,1
17724,3
4075,17
24174,6
34798,0
9407,6
4008,2
6472,3
43384,7
47289,7
27905,1
9628,1
41613,15
8128,10
33224,1
21571,8
41246,18
48240,1
46816,12
45778,6
13798,14
31606,1
43293,10
27725,1
7614,18
24798,18
16256,1
10296,16
46895,3
18706,7
25895,14
42986,14
42194,8
44727,6
2381,7
7850,6
21066,1
1427,7
30832,1
44593,17
35604,12
42802,7
30307,11
8893,3
43086,8
278,0
48861,3
9641,6
18801,7
13009,10
42823,3
3954,15
49035,7
34278,8
25941,7
38577,6
37973,14
813,8
29444,7
30058,0
34601,6
42370,2
9228,6
12638,7
37549,3
19802,3
30931,1
22179,1
44664,6
42631,6
23407,5
30557,14
28888,1
326,6
47891,8
22600,0
24737,1
11278,12
42285,1
18700,6
11577,14
5218,8
13220,6
16992,1
22967,6
16610,7
46382,1
28228,11
18123,0
25348,12
48051,7
26379,12
38821,2
44418,6
22932,10
17089,7
17307,3
8828,7
21515,3
41525,14
18627,1
8423,1
17848,7
12762,12
2524,7
15334,6
3322,6
5367,6
5255,15
9150,6
22599,1
7368,15
25212,6
29633,7
26841,6
20127,19
4992,6
35021,8
47863,1
530,3
1974,12
3006,1
23010,9
21593,9
11204,7
3363,14
33675,6
38682,14
46627,6
12852,6
37503,10
20805,11
18925,6
27954,6
20154,3
11714,3
11134,14
29380,15
19736,14
10476,7
4136,6
36681,6
35006,7
36876,6
10774,12
27429,1
9455,1
5774,6
48634,3
37245,6
17279,12
9366,3
26166,6
5247,12
41148,1
19055,1
2229,7
27352,18
24718,8
17647,6
21324,1
4946,7
21404,8
6849,7
4572,6
48468,15
37152,7
825,1
47537,6
5072,1
18872,14
37657,15
39345,1
9604,3
5363,11
12065,1
12366,11
15642,17
20213,1
16381,17
25412,14
34973,6
13475,14
24334,1
4428,12
7273,7
35903,7
41592,1
44689,10
42405,3
6995,11
2577,0
48095,14
6623,1
22733,0
36104,7
23779,15
46697,18
47965,3
17225,1
37106,5
12615,6
36033,6
45146,3
45800,8
30163,6
12660,3
11490,8
40192,6
21436,6
48613,7
1628,17
19953,1
44451,3
45922,18
4804,6
1751,6
26520,0
39367,1
23616,7
38862,10
21414,6
2452,17
27591,7
14224,3
36691,1
15391,7
11104,7
16206,3
9156,19
16344,3
33295,8
47513,1
5352,7
28741,6
6847,14
36463,6
14838,7
37311,17
6347,12
47812,6
34919,1
14812,12
11772,17
44916,10
2014,6
13041,14
40815,10
32713,6
38272,6
30770,1
22254,8
45828,6
49113,10
37876,3
30219,7
3111,3
33267,10
35742,7
15890,10
10968,1
45879,11
18676,3
29425,7
27055,1
19485,16
47644,8
1988,8
21210,2
3792,3
9071,6
25703,14
25404,2
5791,10
35221,10
33813,6
21441,17
10503,10
17270,7
17560,8
25735,6
34818,0
2970,6
39582,3
22358,7
2864,9
15823,6
31475,7
30636,8
28962,8
45813,15
4000,15
35530,6
974,6
12382,17
7347,6
26496,6
33767,14
48412,7
40496,7
37961,1
6571,3
49304,3
34097,6
10646,14
44083,6
48463,2
1063,1
30583,6
26237,8
8680,6
32752,15
23273,16
5717,13
2579,5
45463,1
38241,8
30514,6
13101,3
19210,1
26502,10
46982,1
21905,6
46699,7
15406,6
45763,19
721,1
32708,1
38004,7
17682,0
46596,7
48682,7
31605,5
38031,1
18179,4
48663,7
36353,7
4550,2
35488,8
33342,17
25731,8
48838,1
39653,0
33286,8
21344,1
37156,1
20611,7
8869,7
44038,7
42754,3
23823,11
13596,15
45059,6
46483,0
253,7
4053,7
8559,12
7844,6
9188,9
32548,6
26083,1
20244,6
37673,1
668,10
29434,7
16805,3
45658,3
47594,6
7452,4
22645,5
42522,0
23363,6
35610,1
37631,8
8879,1
38337,6
19826,3
8844,6
6484,14
45118,7
22731,6
20793,7
16487,3
24490,18
15889,7
22935,7
3143,6
48510,7
35910,6
17474,7
32396,7
24714,10
36160,7
20077,8
28828,6
42205,7
36725,14
10316,8
33623,14
39291,7
49350,3
14699,8
21702,14
41906,19
4489,4
24409,1
29332,1
8337,6
918,6
12435,6
48231,7
28383,7
4545,6
13102,10
33947,6
24615,6
49589,19
41481,10
38905,1
19812,7
6160,8
38993,6
34354,8
31246,14
35369,1
21637,1
49617,1
23003,7
40683,14
17920,8
18021,5
46780,7
1684,14
1953,0
15537,5
2489,3
34708,9
47554,6
30298,7
23459,6
2593,8
7216,6
35883,17
27039,6
47957,18
7815,10
5270,14
10768,17
29740,8
3068,6
29535,17
7182,15
7796,9
41409,7
39671,7
28559,17
32146,7
23439,3
31391,6
42855,17
11813,17
48272,19
12263,3
2787,3
16385,6
42523,5
26150,6
17544,7
29802,6
4294,0
12696,3
9075,6
20159,1
31282,7
13057,7
26814,7
23909,3
27882,1
43452,6
40246,16
8493,7
13302,6
25606,8
14808,6
40265,7
13155,8
28097,6
32076,6
36969,8
13698,3
38513,1
15605,6
47688,7
22326,0
43488,1
10245,7
16145,14
9985,3
37746,7
41400,6
26614,1
5327,6
13015,1
13811,1
10180,17
8164,3
47951,6
42025,6
10865,3
16815,1
1025,6
42784,7
18319,7
34353,6
44922,1
16240,7
29745,17
2336,10
17294,8
1449,1
30410,19
43341,18
39594,7
8543,1
27176,1
36562,14
23285,10
26787,5
6506,8
8552,7
46196,15
22828,1
43621,14
47602,7
14329,8
2924,14
5741,10
10485,10
12878,1
21771,3
21059,14
4148,7
21537,17
45452,3
15489,6
46585,2
18791,3
40072,7
17587,6
7758,6
2853,7
18218,12
21720,11
20872,6
22022,1
17887,6
11422,12
28294,7
17435,14
43716,8
40489,7
32770,0
16078,6
46460,9
12472,10
14100,8
14120,6
40951,0
30897,0
16708,3
13341,4
49029,2
14064,8
1668,6
28769,7
7239,7
25963,7
34427,9
6520,4
10300,7
1232,3
42870,0
33802,8
46501,3
32949,0
4085,8
30682,8
47315,6
28249,6
1084,7
25559,1
30714,1
13272,6
6781,14
43462,6
8440,6
23799,1
42977,6
20214,6
19527,14
27604,6
15134,6
21241,7
3240,7
19794,3
37385,7
5783,6
30232,1
26019,6
48921,6
20762,1
30226,1
4783,7
45445,6
35042,5
33632,6
38332,3
32651,8
19338,1
28320,14
1488,6
33940,1
2539,7
29026,7
25889,5
23589,10
12933,14
29127,8
3207,15
45732,8
47696,12
30481,1
45419,3
11406,6
42319,3
35370,15
42436,8
27895,7
1645,3
8787,3
7461,6
29368,5
29881,7
32040,7
7843,6
6254,6
7747,7
36361,1
31378,19
27634,7
48903,6
46841,1
47660,3
37772,5
18485,7
36815,7
45159,4
30140,14
5126,1
15363,6
169,7
14652,1
42988,6
26067,14
22917,6
18652,4
42035,6
39445,6
41203,5
27623,6
142,1
27341,17
41923,1
49169,5
16288,15
9043,9
49711,1
21753,7
40211,1
48168,6
29426,1
45945,6
33165,1
40521,1
21437,0
47064,7
47807,8
32414,19
11265,12
27139,8
39830,1
36628,7
42118,2
5928,6
37463,6
36066,6
16508,6
11464,8
17321,1
5914,0
19438,6
47580,0
29886,7
35229,0
39538,15
10650,5
48346,10
44205,12
877,8
40408,17
4172,10
1663,3
29813,7
3292,11
6288,6
37606,15
26786,7
2040,3
38025,7
10171,11
24997,3
21397,10
1217,15
38381,18
1409,6
15901,3
42619,6
38670,0
13511,8
45294,7
41236,8
33370,7
9032,6
26182,7
21629,11
19518,3
11588,6
3716,1
47711,14
47286,11
28877,11
40039,8
9224,6
24373,1
45305,6
30758,6
48652,14
24586,1
26338,6
1670,3
37582,3
48132,0
46066,0
34164,2
66,8
11006,2
28726,6
13320,6
6574,7
21779,15
42114,12
12197,14
35257,6
37169,19
42169,3
16124,6
6352,3
47452,6
7839,7
5569,15
30849,3
25544,10
4887,7
11538,7
35958,0
31577,14
12233,6
43454,3
26373,6
43145,7
5308,6
23614,7
36948,19
12315,19
30020,6
19231,0
38534,12
45750,8
48778,18
20026,6
22978,4
26662,4
46218,1
39341,1
38395,12
18871,6
12468,6
13360,18
22233,13
30352,0
13345,6
6330,6
12867,17
35225,5
33826,3
36993,8
44847,6
10197,2
28737,1
25095,6
14063,1
811,6
20335,9
30826,6
4452,4
30862,8
10282,15
47567,11
16553,3
5045,7
47528,7
3979,3
17254,3
6293,7
42706,6
47432,14
45496,7
25936,3
46258,10
36625,1
4642,6
35698,3
19996,6
10388,6
36298,12
43253,7
1089,6
47,6
257,6
16979,3
31697,8
49012,3
7592,12
44884,7
41859,1
9969,7
45041,6
48098,0
27238,1
4466,4
11350,6
30506,14
439,6
4342,8
47474,1
25254,10
18255,15
9547,6
3889,6
26976,14
19218,6
31837,8
27254,8
26282,0
5443,17
11516,2
23265,6
49204,6
14502,7
22711,11
27402,6
4743,13
13632,10
46530,17
12173,1
44493,6
14241,6
3151,6
17375,0
26969,3
42219,7
49466,12
7994,15
16972,16
44688,6
25657,7
40806,1
10201,1
47124,7
24523,1
34597,6
32015,5
46696,7
49239,6
28501,18
37207,8
38224,8
18565,8
46164,6
4052,17
28544,6
10961,7
15916,6
36744,18
41984,6
48278,6
25010,12
21242,15
30310,14
23801,18
29614,3
34667,1
48159,8
20747,7
44625,10
7173,6
16676,6
3667,0
36594,8
26511,7
19351,1
48982,6
27934,7
22595,15
7256,3
4306,3
41919,2
23236,11
7329,6
38382,0
42257,6
17600,7
40730,11
1192,6
37189,18
2913,1
7118,1
42223,0
25690,14
8267,19
35989,6
774,3
23158,16
12071,7
26537,7
49537,1
19990,6
27876,8
20823,8
31393,1
23239,7
21141,6
43585,12
30493,14
42985,12
31089,8
46974,8
40018,5
28153,7
10967,9
14240,8
24871,1
16258,3
28001,3
49299,10
47808,8
37960,8
34733,1
48741,1
10230,6
46275,6
17152,3
36201,10
16907,7
3244,1
11434,2
22402,10
26624,12
21558,7
4847,14
17174,6
21995,8
27335,7
14696,7
48923,0
32508,16
36585,6
15904,3
19319,6
17017,18
35561,15
45518,10
6489,7
14423,2
26068,4
32687,0
18684,3
25918,3
35353,3
37689,11
32830,8
6984,1
29526,12
42546,7
30742,3
38469,6
6678,1
17413,12
20110,10
43229,12
27133,12
48411,8
11098,7
18024,7
22540,8
1013,6
35057,6
20177,1
26323,3
4227,1
34461,1
4540,3
36457,18
37262,7
16041,0
25790,3
26546,6
5295,6
26689,6
11129,6
42373,1
15183,10
20054,19
22088,12
26034,6
7442,7
39855,7
16795,3
45938,1
21187,7
24985,3
19293,4
35190,7
48511,1
24429,7
16069,1
46173,14
33861,15
17499,8
29095,3
27355,7
23,6
14299,14
15939,6
26371,1
1544,16
15996,8
28808,6
28521,7
22276,6
45421,7
1388,6
16838,3
4167,14
19525,7
9051,6
13537,3
34265,1
28948,18
11263,7
42791,12
37584,8
49538,4
20135,6
46558,6
9349,14
10859,6
9623,6
3610,1
29537,14
35360,6
22957,3
39629,7
15631,1
24105,6
15747,18
48668,11
46662,1
38318,1
48588,3
44549,8
37552,2
19931,3
23871,10
23762,7
25303,12
11340,1
13980,7
7656,8
47486,1
22621,6
9479,6
13281,19
22624,6
27542,6
5778,1
48800,15
744,1
27747,1
15511,3
39843,11
40129,7
2236,2
42882,6
2860,1
12167,1
44860,6
38237,5
27239,10
20091,1
24091,11
13303,6
17,2
16887,7
31862,0
14437,7
35092,7
47641,10
10067,1
15037,6
20058,17
16841,4
35002,17
17689,18
13224,12
18356,11
10950,7
37642,7
1801,7
36059,6
5105,6
18460,7
26501,0
31066,9
15589,14
5933,7
31444,6
42571,6
10448,12
11830,3
7223,6
46537,7
27269,7
44139,14
11162,1
38781,7
25429,1
3987,7
3063,1
392,1
656,2
28508,3
42332,6
41775,7
14167,3
1555,14
24872,6
40323,10
28209,7
8772,7
33557,14
15016,10
14866,10
1638,5
37006,3
29914,1
797,15
4209,11
34027,12
15378,3
25802,6
21683,0
30958,6
5558,3
29792,6
35869,14
24364,1
35401,7
1820,1
22651,7
39614,7
41834,8
21043,6
14615,15
47588,4
38983,6
31441,18
33455,1
25078,3
14162,3
14603,1
40713,17
43872,6
29222,8
37701,3
33720,12
43660,6
44613,8
12178,9
45641,5
42803,15
47145,8
21925,6
17233,6
28029,3
2601,1
45781,10
37326,8
46034,18
12813,1
29934,14
29247,1
48076,6
11352,1
42956,17
32918,6
607,6
7801,3
45246,6
31901,18
20449,2
19367,13
41457,8
12159,7
48164,6
48884,7
33137,6
23778,7
17154,14
49078,7
11125,8
4280,18
33377,6
15884,6
44340,14
25351,14
23271,6
36191,6
48074,3
47618,8
20153,8
40548,3
22858,6
6224,6
31972,1
4190,6
22066,12
45809,6
16888,12
41177,6
2585,6
34835,3
27465,8
32614,7
23845,3
8345,14
15313,14
36741,8
6845,1
24184,10
10632,1
46732,7
7328,7
37610,14
39472,7
26291,4
30621,3
5188,7
29760,7
45337,8
31663,12
3965,7
19981,7
23268,5
39421,8
19286,6
33493,14
18035,7
19669,1
6073,6
10457,6
24605,7
37873,6
3753,1
8218,7
28513,1
40161,6
35777,14
38159,6
20380,6
20309,1
22178,6
44534,7
36812,14
771,7
14453,7
37861,17
40670,3
33687,1
11720,9
41612,5
27089,7
18732,6
46522,0
44217,5
10202,8
40090,6
9314,6
38428,11
25439,14
39775,15
13463,12
21501,6
47894,6
6270,6
37860,7
21988,8
7205,6
12797,14
45258,1
30940,14
9264,15
14576,6
28890,19
20128,7
7330,6
20464,11
19619,14
37972,2
41015,10
47310,11
27652,7
42503,6
19581,3
20539,8
13159,4
45674,1
25381,8
17734,9
15502,1
1949,1
7784,1
23870,6
42,3
34881,10
2680,14
10299,9
3737,6
42343,7
21785,6
8581,7
42710,4
16804,8
37626,8
48805,1
2746,6
24899,9
25649,10
6723,16
34402,7
3080,7
26264,0
37408,6
117,5
34481,16
43553,7
39747,6
30499,1
19980,6
32277,11
36165,6
2649,8
17428,14
31069,7
26188,7
8944,7
2473,6
14931,7
21552,8
13444,1
46119,6
37942,6
32162,13
36605,3
48647,7
12709,6
1405,8
34269,18
31633,1
29169,6
10732,7
40433,7
30014,7
48847,3
26587,6
36983,6
34931,6
4244,15
16864,6
17047,12
34698,1
44532,1
23604,6
27463,6
34501,12
13649,6
988,6
27926,6
40240,12
18053,7
22028,1
39276,7
39745,7
30015,6
22494,14
12204,6
43428,9
45026,3
28904,1
25853,3
25684,6
31720,13
9748,6
34476,8
32266,12
46371,7
27590,14
38339,7
18848,6
14586,3
32960,10
16071,1
4465,6
11751,5
17484,14
12431,16
14316,7
350,6
8350,6
8150,6
12811,1
29552,14
15059,6
30181,7
5940,6
3558,6
1301,6
36040,17
17620,9
34863,18
22221,1
43531,7
29487,7
38609,10
35173,9
21574,0
17311,3
24821,6
9045,7
41741,8
37423,12
32994,1
1745,10
48841,7
44365,7
48137,6
32281,6
28754,14
8846,13
9325,1
23826,3
3729,7
32854,6
24634,10
35683,2
41237,6
14264,6
14540,7
34479,7
43676,10
4334,0
45219,1
38586,6
18898,3
9186,14
23776,7
12057,6
7286,6
17178,6
29828,6
39864,0
45033,1
5234,1
5148,7
17511,6
11619,6
18537,1
8098,7
665,1
3284,7
33577,10
582,0
23054,6
1107,16
44356,11
11102,6
10639,11
32597,7
3225,6
10069,1
1725,6
22430,7
11695,1
1996,3
4363,7
22108,17
24945,6
18023,1
38926,15
47046,1
10334,1
47439,14
6390,3
25613,6
941,8
23577,1
37256,1
23274,6
5266,1
15242,6
10095,0
6494,1
18939,14
9909,0
37592,7
45816,3
5794,12
48883,14
22861,9
30746,7
43915,6
15762,7
2193,10
22184,3
18771,6
39251,6
33808,10
31324,7
23025,2
6685,1
8806,6
45128,18
47906,1
16457,6
41292,7
11479,1
31614,6
12477,15
23867,8
5114,13
48589,6
20323,0
24453,1
10894,6
22331,1
39611,1
43758,7
3677,1
9868,6
7365,14
36795,12
47681,6
9738,2
1975,3
21202,6
7444,1
35829,6
4093,7
14822,0
21688,7
38816,4
27283,1
7176,1
24786,15
34405,1
635,6
7364,7
23908,8
35214,8
49205,6
18914,14
15346,6
23098,7
46704,1
11788,7
41012,3
34837,3
5497,5
13835,6
39134,4
42029,5
12570,14
27268,7
23854,6
45995,1
4377,7
18561,7
11215,6
45362,6
24466,11
36425,14
48902,3
11196,1
6030,7
37762,1
29460,5
45798,1
31388,6
37731,6
18867,7
9122,6
17542,6
22349,7
44970,8
35984,10
30711,7
30977,6
12105,1
22538,5
31376,13
7125,6
16878,1
26002,10
35469,6
20587,3
41172,2
46381,15
22031,12
45673,3
6003,1
9798,2
19125,6
1932,0
9091,11
42088,12
22797,3
30950,15
31545,7
31409,7
32783,6
3096,8
40650,8
3133,12
12746,6
26859,10
7415,6
25636,8
45735,14
2629,14
18969,10
24320,15
43959,6
20094,8
47316,7
30590,7
4974,6
26792,14
27920,11
30368,6
37035,14
49117,6
12891,6
7148,8
22433,3
14863,14
15255,12
18172,6
34497,18
16484,1
23341,7
30034,12
11474,6
28817,1
32402,14
2511,6
12043,6
33713,17
19924,15
768,6
38569,15
19134,6
29710,10
5489,7
1535,3
11779,7
42927,7
19975,6
44318,8
5063,8
20722,6
7340,7
38333,1
18475,7
28125,15
7617,6
9674,1
41087,2
15430,7
38896,1
42133,7
19220,3
1576,6
4293,5
8292,18
9704,8
2675,6
1664,18
4488,7
46837,15
42167,6
46449,6
26984,19
26665,14
40053,7
10691,8
47916,15
10955,12
13514,1
22487,12
34831,6
23650,1
34852,17
28749,14
5536,15
30894,1
2366,15
17105,1
15327,19
41887,8
5920,1
32376,1
27864,7
10361,6
20878,17
25461,16
14051,6
44849,3
1541,1
908,1
12059,3
19464,6
6120,14
34498,6
16666,6
19118,6
1484,7
47998,6
30282,3
28974,6
16893,10
49223,1
35482,14
29500,13
26270,7
21551,8
18571,1
4144,11
8436,14
24343,7
5706,17
34003,7
31332,3
30861,12
25779,6
5531,5
9085,8
14711,6
31632,10
38002,6
4562,7
26604,12
21800,6
25844,1
6113,3
48105,6
26886,6
30639,1
41040,6
35359,4
40971,18
26403,7
45138,1
27629,1
16379,3
39698,1
43697,7
12935,7
30260,6
27705,6
30896,6
33072,7
18562,6
27340,8
39247,8
35549,1
17226,3
42827,7
48490,14
38311,18
17539,6
10841,1
13689,1
5138,3
18428,1
47495,10
3844,10
41911,6
28558,1
37652,7
43320,8
3265,8
30471,7
37488,6
46154,0
17884,8
41232,3
18734,11
13743,11
36343,6
7030,8
24613,6
38710,7
12280,3
29996,7
27749,10
8235,1
2938,3
47824,11
21818,13
10005,8
27040,1
48042,6
18261,8
44149,6
17768,6
17698,1
1200,14
17410,1
12595,14
48891,8
17784,17
11882,10
38280,7
480,12
26355,6
45386,15
42955,8
31678,0
4506,6
44155,0
11633,18
21253,11
46025,1
10314,7
46874,9
38432,6
48935,19
2490,1
8591,6
26318,6
37469,18
4102,0
15647,14
9121,6
7929,3
38228,8
14957,6
18414,6
5231,7
33604,7
12735,10
19523,1
7853,12
33163,11
5630,6
35049,15
7965,17
39821,6
27157,2
28318,6
11275,6
4034,7
37380,6
3470,1
701,12
37996,1
10483,0
18610,7
42759,15
11426,18
44136,8
24261,6
8985,9
28040,12
31071,6
6453,16
48762,6
36159,10
21417,2
26451,11
19979,7
44803,0
35560,1
39937,7
6593,6
31735,14
13153,10
1411,6
31664,6
32101,0
33367,10
46628,6
32747,5
2377,6
14640,0
48493,8
6752,18
17519,6
45167,8
5975,14
28189,6
37891,1
31530,7
22880,8
41020,1
32047,16
30877,14
6700,16
34641,14
25706,10
35164,1
10066,6
11681,6
40920,6
43481,15
33705,16
46679,14
17635,14
6235,6
49572,14
14373,10
25511,3
47652,12
24214,6
40625,0
20447,8
13533,1
10195,6
27795,6
23014,6
7561,7
23812,7
24952,7
41557,2
15847,7
20202,1
16301,1
27106,6
5037,7
15253,12
22270,10
39918,3
11398,4
44174,14
8231,6
34639,1
33855,1
14041,1
37934,1
6104,6
27251,7
47206,2
46137,9
31102,1
33073,7
4661,7
25610,1
31029,16
23440,7
42385,7
45895,12
34229,7
31486,1
47198,3
23006,3
14166,1
12425,8
46583,1
20880,0
13762,12
47701,7
26679,14
7296,1
8520,6
34428,7
40138,1
1967,14
12854,8
12646,18
40178,8
16990,15
172,7
28381,0
41826,1
36860,1
20795,1
6626,3
20589,7
4024,7
34359,0
29651,16
49442,7
5049,6
1337,6
29433,7
10717,8
15957,7
20499,7
38018,18
18150,3
46524,8
40473,7
21554,12
42695,6
48951,7
46544,15
8376,1
33109,9
41448,15
11784,15
36889,7
47140,3
16207,10
4708,2
9630,1
43778,5
5540,8
33015,6
32258,8
49287,1
36720,2
14956,12
36140,4
31818,7
15827,3
16331,7
39064,7
17103,0
42799,7
46829,15
39560,14
19496,7
23809,7
4056,10
1214,6
27520,6
28815,12
38950,7
9720,17
16896,1
23108,17
44539,6
45542,6
10080,6
10467,6
29668,6
6948,8
18308,8
41138,6
35252,6
45559,6
45169,6
22539,6
14601,12
46738,6
36644,14
18064,7
12989,7
29125,6
10810,6
39796,12
30688,7
25386,3
5550,1
26998,14
30398,4
40333,17
24265,1
18953,10
24287,16
36631,3
33500,6
9719,14
18589,7
25430,6
48525,3
4337,15
30578,11
18333,1
7556,4
13108,6
30208,14
23114,7
46118,8
37800,0
3390,1
7445,3
34030,5
40358,6
40028,1
45708,6
7393,7
3619,10
29848,7
25705,14
25919,15
4874,13
47709,10
30281,6
16044,14
1353,1
1339,7
48060,10
12829,13
24191,15
3859,7
10744,17
45958,8
9028,12
45733,6
21752,6
21085,6
45884,7
22860,7
39506,7
25569,7
36896,7
33018,7
15341,1
18983,7
5885,7
18704,6
31610,6
3401,14
35168,14
29209,8
36347,18
1785,17
38673,10
49486,19
13583,7
33926,6
40470,9
26337,0
6731,9
44459,14
22824,3
29264,18
25558,14
23080,14
14670,3
27553,1
17525,6
6077,14
24098,6
2510,5
26921,1
23088,7
31468,8
32381,0
44835,8
32368,6
27208,18
14242,3
19659,2
43094,1
15760,9
11814,7
15262,7
21825,1
39447,6
18247,14
32682,7
37504,3
20319,6
32522,6
44455,3
49148,14
2114,8
31361,3
28348,0
22226,5
33911,19
16916,6
35988,6
43563,6
35964,6
26651,3
15924,11
48851,12
23692,11
44971,6
31673,15
11741,2
1087,7
36591,6
24651,2
16791,11
28578,3
4537,2
24876,17
31584,6
39456,1
39474,3
11103,1
17650,8
40495,4
3434,1
10911,6
35249,1
8344,0
47259,7
42808,1
39649,6
316,14
43351,15
32617,6
27624,11
8796,7
43592,6
45582,6
31146,1
22025,7
33118,6
7641,12
48678,8
36267,12
29542,1
15157,1
14285,6
40043,6
3532,8
16823,6
4961,6
27022,0
41659,6
31690,11
41702,11
13661,6
8855,6
30533,6
30909,11
47943,17
45916,1
33460,7
35100,3
31513,11
15005,8
21308,14
14321,6
719,7
45509,1
10308,16
2071,14
853,9
30255,15
47546,11
13974,19
11583,8
36373,1
45398,14
36622,19
46510,16
15712,7
36418,6
38314,1
27960,7
14656,1
3838,7
18439,10
15998,6
31815,10
21879,0
40095,1
43972,14
23982,18
23836,3
46159,15
4302,3
35145,12
30222,13
30560,6
19781,8
16250,1
32866,19
31665,6
47334,6
34527,6
5760,17
13027,14
20855,1
8816,6
45001,1
9143,8
19989,6
42673,8
30565,12
26924,3
22404,8
4272,1
2728,1
26853,8
20862,1
25107,7
38168,6
7053,6
28624,3
7237,7
18398,9
46793,6
31501,0
20617,3
28046,0
17167,1
30370,6
31984,7
25643,1
6394,6
34282,10
47658,1
24087,7
26732,1
29627,6
37412,9
15435,13
26066,1
47869,6
48059,8
39577,6
41509,6
34606,1
2021,6
2532,5
27724,19
8754,8
4301,1
25137,15
24483,10
8566,14
46526,6
42148,6
17663,7
25669,6
4011,12
19432,6
11439,3
1162,14
20953,5
38796,7
30043,14
36182,8
33840,1
43911,16
5736,2
17534,3
51,19
1032,1
32889,18
34487,8
49264,13
5804,15
9724,10
4112,14
16786,6
2781,7
5785,18
17249,7
27894,18
11444,1
35396,8
15083,9
36320,7
49475,6
32585,6
22474,7
3014,10
40396,8
36634,5
18543,1
22089,0
33545,7
29049,7
9681,17
31476,8
46081,14
1293,15
3830,8
49201,1
4236,1
17185,6
48757,0
48277,14
19192,3
23579,2
867,17
919,9
11704,6
10939,1
6397,14
21926,7
41831,1
29221,3
15627,17
24228,6
31854,7
45533,7
24915,6
6750,14
43562,13
37717,7
8060,1
27317,1
23501,7
22255,8
27812,6
31490,6
43951,6
11407,0
31821,6
32173,15
36050,6
18967,17
20530,6
21805,9
28743,6
29386,11
28475,2
48106,1
14681,1
49120,6
27651,8
2803,14
27372,6
25807,6
25050,6
35790,10
42729,1
6419,13
19723,14
11569,9
10002,6
28748,14
33729,6
6109,6
9245,3
6013,11
4408,6
3973,8
5079,1
43736,6
43841,7
17547,8
1014,15
16213,1
27984,14
16158,7
13703,6
7838,2
40922,6
15497,6
18323,1
24432,3
4125,6
47287,6
27909,3
42533,1
41140,7
12009,1
24666,14
9000,1
33269,7
35110,7
14557,8
1002,6
3870,18
44030,13
4669,7
18282,1
25388,18
30918,2
31096,6
11806,1
35840,6
29994,1
16630,17
4862,15
6376,6
21696,8
2875,5
11132,6
22506,0
1397,10
17443,6
21524,6
29622,7
36085,3
39557,0
2648,12
40347,14
38771,7
44395,7
39038,8
24321,7
47886,3
15905,3
3533,1
36315,1
46414,1
29440,11
4754,8
17729,6
42372,8
34214,0
9500,13
25896,1
12995,8
11756,3
22586,3
32800,7
10408,18
10572,7
24046,3
30697,1
46439,7
38885,8
20199,6
45830,15
10050,1
20936,7
32765,3
28668,6
45215,6
6217,1
40777,6
46472,3
2281,6
38572,8
6585,14
14684,18
9667,7
14907,6
8693,1
18101,14
21028,6
18313,6
9982,14
6976,3
40781,8
46741,1
3444,6
45802,7
12432,8
6856,14
23581,6
9211,7
34069,6
22324,6
26983,15
35515,6
19409,6
9731,1
39758,2
42449,6
22877,11
23264,7
26064,1
9606,4
7595,1
10261,6
24981,12
47183,7
12375,3
23489,1
3309,6
44269,6
21212,6
44846,6
3875,7
36756,8
9086,6
29308,6
19797,2
21599,6
36287,15
27373,11
12132,12
24708,6
22669,1
46213,8
47599,8
37858,9
46458,8
34236,1
7138,8
4875,10
24731,14
11611,0
20894,7
12151,7
49053,1
43792,10
6018,6
42349,12
29888,3
30048,7
8955,8
5600,1
31683,7
20995,15
24548,6
10270,14
28782,7
13966,6
44278,6
40731,9
19851,6
12641,2
17720,7
37801,6
13693,14
603,15
8988,19
24909,6
43047,14
11217,17
22969,0
39295,12
44185,14
327,7
12836,14
11299,6
34168,8
15066,6
13971,6
20664,4
49079,6
6770,6
37297,14
44681,7
25754,3
28550,6
29004,9
49518,3
46998,1
4823,12
15740,7
49054,7
19638,19
43786,1
10856,3
3192,3
1796,7
236,14
37505,1
21677,13
38126,13
20081,15
10068,1
27020,12
40715,15
4271,6
17579,6
27270,12
28267,1
27677,6
32604,17
37138,15
6294,18
32315,16
41792,6
16595,6
34078,12
13794,17
48213,6
31810,7
9232,6
20850,0
16448,3
17795,6
30674,17
29811,3
33646,7
10369,1
35048,6
46730,7
11477,18
5846,7
24667,7
22900,19
9423,7
42347,6
10922,7
15777,15
1195,12
29279,19
17614,1
21031,16
9019,6
8853,10
27544,8
4608,11
2769,6
10110,2
31823,6
26227,6
24508,1
43947,8
47277,7
22220,7
33214,7
33312,14
7928,8
32869,3
42076,10
36891,8
30152,11
313,6
47091,6
14514,7
18235,7
26042,7
35038,8
13978,7
47002,6
21094,7
13017,12
16372,1
31550,15
370,17
23916,14
16521,7
22802,7
16357,18
21960,10
13401,8
46443,18
28013,6
47479,1
28441,6
48359,7
4193,16
10128,14
31943,8
22214,7
19154,10
40075,1
28502,18
26138,14
43438,1
2242,6
26504,14
39388,7
30011,7
21840,16
46986,17
47365,12
16845,7
14543,12
26612,7
24167,1
16540,6
11760,1
27205,2
27053,1
11126,14
4673,9
6873,8
6924,8
1156,1
35065,1
25018,7
2013,8
41180,7
133,3
15558,7
25721,1
36543,7
4381,7
12857,8
43016,0
44901,16
47981,6
17942,7
10158,3
11575,2
2784,10
229,19
3330,14
8096,8
10475,14
28164,7
40324,18
35644,6
12882,6
36403,8
31482,0
19854,3
34136,8
26289,1
24955,6
3785,6
42392,15
40628,1
4253,1
19562,6
1189,5
27870,18
339,7
36589,6
519,7
26577,3
9258,6
18690,2
41665,7
4485,19
6221,6
8131,1
27672,17
13033,6
34580,7
30508,7
38865,6
47149,6
24924,6
38795,6
44825,14
36855,7
48305,7
19482,16
8935,10
37946,6
13755,8
47007,11
34742,7
8527,7
19206,1
25799,0
26985,7
49104,14
47871,4
45767,6
42406,4
39016,17
32666,6
47848,14
23698,6
21671,12
9897,14
5454,12
45957,7
41165,2
4571,8
29052,6
26740,6
12496,14
28878,6
45139,6
256,13
5311,7
32114,6
36869,9
39652,10
25933,17
38099,10
38369,6
22489,1
11365,2
48544,1
22670,8
1218,1
39519,3
8839,7
36245,7
14797,10
5268,10
10358,6
10036,7
37307,6
40597,3
29688,6
19783,3
423,6
27353,15
19759,12
10429,1
45689,6
1169,12
34243,3
32838,19
48853,6
45757,3
27531,1
32236,2
34638,1
47946,7
30598,7
1749,0
21939,7
30875,6
42792,8
12380,6
48403,7
34186,7
15900,7
38907,0
35447,3
31842,7
33953,8
20569,9
29822,1
584,1
24004,6
43265,6
29251,12
33798,7
21312,10
3739,3
24748,1
25311,3
43715,12
21934,7
20538,1
48840,7
6586,14
37771,13
6112,7
47944,10
38275,19
28126,6
22422,10
5305,6
35772,15
5341,3
49491,6
743,17
26558,6
13925,1
41764,6
36120,6
6952,3
40620,13
17124,19
23444,6
1977,3
13417,18
42123,1
45457,17
1655,1
33346,7
26981,15
3067,6
25273,12
16897,6
10284,7
45324,6
33733,10
33326,12
39337,3
13674,14
3726,9
4501,6
48437,16
22443,7
38069,4
37740,11
26973,7
33399,14
9358,8
24784,14
46043,6
21798,10
13422,5
33081,14
48878,11
11370,1
30817,12
28004,7
18349,8
9561,6
36933,6
8157,1
22382,6
25500,7
39490,6
18710,16
35004,10
17719,15
19256,6
48264,6
52,1
43628,6
41707,7
29524,5
23716,6
6355,1
16054,6
39766,3
44868,14
46752,6
8413,10
49260,6
45751,3
34634,7
2405,1
48092,18
9995,2
3165,15
19395,7
9715,1
41697,5
20053,6
38879,1
30008,7
12349,7
16217,7
36621,6
40661,0
48599,7
22501,8
2192,7
35798,6
46899,14
520,14
43283,1
20397,11
10162,8
24135,7
17849,12
37654,11
26158,1
5428,7
18673,10
34525,1
17364,7
33684,3
9802,6
24240,7
11809,2
41184,1
23188,3
31228,14
6443,13
1231,1
10733,6
40737,8
35499,6
8318,9
47684,12
15563,3
7349,6
48592,8
47078,7
18835,8
6332,8
16661,6
10943,7
46362,18
38598,5
42888,6
24256,1
44570,8
29791,8
24175,9
36713,1
40644,6
28655,6
2848,1
34162,7
26633,7
43273,7
48550,0
37308,8
19005,2
1921,1
8472,0
44040,14
12770,7
11145,0
6660,3
20760,1
42642,18
4662,6
26597,14
39988,8
44052,3
15811,6
46315,6
5398,8
40009,6
15089,13
28628,2
39013,19
1963,14
8842,11
31195,7
37598,6
24539,13
39305,6
23465,3
36550,6
33725,8
29517,16
11675,1
23852,3
42909,6
37054,6
12000,7
9166,3
47048,0
22116,14
45240,3
33943,7
15308,0
38756,11
32704,7
29469,14
47877,1
48756,1
21975,1
29429,4
20881,3
47414,15
9345,7
47011,7
27112,16
20402,19
45341,10
32670,7
41698,6
19857,6
42417,8
32254,12
2942,6
46855,7
20696,4
48300,11
192,6
32018,6
36695,7
48964,16
12766,7
42491,7
38537,1
22752,12
13104,7
24203,3
38935,0
805,11
3417,9
10861,1
26640,10
45720,1
49419,17
40352,18
23447,11
35394,7
10875,8
33773,17
1539,8
27817,6
12418,7
37243,1
42127,7
12905,8
43889,6
45671,14
9885,6
16313,7
29862,6
11076,1
14205,7
160,0
25777,1
11522,12
27860,3
15442,14
21682,15
47530,18
10462,7
19447,2
32509,14
13777,9
46566,1
12818,7
6901,13
8420,18
18262,7
26488,4
40225,7
24543,6
38946,1
48842,5
2245,18
28820,1
26076,1
21408,1
43137,3
16077,15
6136,14
26797,8
22232,6
32513,7
46573,18
23417,12
28077,14
48348,6
14165,0
34531,7
48014,1
45409,11
29847,7
29100,14
47637,19
25472,6
34066,1
23038,7
5813,12
12715,15
37649,6
4643,18
31958,0
48808,8
14005,0
25496,1
37029,13
25821,2
43337,3
38604,0
29603,1
21318,3
20175,7
49623,6
16352,7
48535,10
3761,6
24743,7
2493,6
29402,6
47827,6
44726,6
20472,8
48253,6
9810,4
24644,6
9437,14
48306,6
5288,7
23638,14
8961,15
29190,14
40440,1
1485,11
3237,1
49664,6
7013,6
31322,6
9921,6
43495,1
16404,17
14207,7
36283,1
45185,6
46086,8
15950,7
10852,8
7872,6
23328,1
33971,12
43534,6
31355,6
41253,8
41422,9
48204,4
32057,0
43836,0
24107,7
36496,6
6061,3
3404,1
13461,7
42443,18
49612,15
48237,3
25591,19
5051,3
38735,15
45315,7
10499,8
37733,1
28537,12
42701,8
2149,7
8204,7
48318,16
31976,7
16798,6
3463,12
45378,6
5059,1
634,8
31436,6
44424,1
27210,6
9367,7
42447,7
39473,15
48459,6
26925,1
27418,7
43549,6
28330,14
23540,6
23046,3
3010,7
3764,7
8310,6
24067,6
33496,3
17217,1
38134,7
48225,8
10819,7
20270,12
11362,6
15251,6
39093,9
10567,15
45243,7
5649,8
40569,6
1045,3
10509,3
14626,7
18812,7
4233,1
13695,6
40308,8
46604,6
22035,15
39290,8
46065,8
41748,0
26524,5
32543,8
4398,3
27069,15
33375,3
4039,10
8010,18
45016,7
49669,1
43785,1
4641,4
20897,7
27149,3
48400,6
47164,6
43054,7
44898,6
43722,1
6650,7
23376,5
24251,5
41325,7
19133,8
15843,6
34532,7
21679,6
35411,10
9765,1
16906,6
37624,7
19551,1
42361,8
16853,6
36743,14
30296,17
40826,14
25987,7
37150,2
42940,3
8704,15
27779,7
27962,7
42110,8
43848,6
2334,7
18882,7
32970,8
44755,7
34346,7
5155,10
36723,3
41932,6
14939,11
36282,7
8585,6
40931,1
47156,7
7015,3
9084,14
44893,7
43738,14
11072,1
37376,3
25937,8
37277,7
22283,6
3742,12
34508,6
19929,7
7,6
46340,7
3755,6
19864,12
41988,6
35558,3
19853,10
17597,6
45852,12
22994,6
5226,7
770,7
19583,1
8878,17
37395,0
17516,6
14983,6
33265,18
32004,1
29173,8
9512,6
28947,14
19787,3
39736,5
30802,8
23130,5
3222,14
46823,10
27115,1
31230,7
12128,7
30321,3
5252,9
17584,7
8978,8
14020,14
34404,7
20503,13
13911,10
23318,1
34663,6
31032,3
30561,1
17515,3
21828,10
38861,15
45901,14
35750,8
30109,1
4834,7
42267,11
13611,3
38270,6
29008,15
43002,7
21180,7
35667,6
2567,6
24573,7
47258,7
2185,8
26974,7
37824,6
23441,3
22642,6
39849,6
49051,0
22925,3
36912,6
240,3
19385,14
14144,6
11335,7
48223,3
18788,3
25267,7
25407,1
15707,6
35675,6
9799,6
33106,10
20615,17
8702,0
22866,14
49019,7
18556,17
16141,7
48322,6
37350,1
1027,7
37668,7
42765,7
4797,3
17424,1
42608,14
21519,14
46087,6
37806,8
35900,8
32620,1
31940,6
1505,11
36398,10
13061,6
4675,7
49036,14
40404,17
22999,14
15127,3
20104,6
48058,1
41589,7
11834,3
4206,6
42435,13
25186,1
37071,14
3137,10
741,6
15780,6
4316,6
9340,6
46997,7
15261,16
14689,1
883,17
40034,6
564,12
15336,0
24025,6
21582,7
18527,7
20904,7
8738,15
8676,6
30185,7
41562,6
35307,6
28143,6
47656,1
29347,1
40348,7
2254,8
38895,6
27678,7
7841,10
20334,19
40242,6
21339,1
35281,15
35105,15
32338,17
41230,3
35787,6
30724,7
32342,15
6387,17
49285,7
48681,7
11476,9
27821,15
10071,7
31396,0
37046,1
18989,7
23456,19
12371,10
19605,1
48908,8
36415,6
27641,14
34351,6
48259,7
33139,1
29250,1
32743,3
47317,2
46124,10
33783,6
29366,9
20984,1
6499,5
38253,1
30846,18
38089,8
41767,15
40076,6
14869,3
27388,6
13289,3
33625,3
33722,1
35156,1
9267,1
37124,5
7622,3
46842,10
3105,18
32728,2
24933,18
33258,17
34757,3
42060,6
29607,6
41168,1
39710,1
24428,6
35391,17
14283,7
47132,14
47127,15
26861,8
40946,10
30267,14
3249,6
31629,8
48102,8
33922,3
33084,6
1257,17
32175,3
33580,6
36307,1
24430,14
25946,12
38234,7
9831,1
21341,0
18746,4
21259,6
36407,6
45971,5
47568,14
9169,6
15917,7
19884,12
34196,13
42336,18
42846,14
27223,6
12495,6
16957,7
14705,7
49694,3
26122,1
20002,1
36036,4
22803,6
23804,14
14129,8
28263,6
3995,10
42930,10
15527,8
3274,6
49387,6
33406,6
32008,8
30325,3
28018,7
466,6
11201,15
39689,1
35109,10
39297,7
39694,17
35954,8
795,6
13013,6
22344,0
7505,13
41009,6
18178,7
24795,14
28486,15
14189,4
34459,7
11618,0
25699,14
5908,14
16396,8
40936,8
12568,8
4386,1
34355,7
868,6
45186,6
19291,15
38548,6
1848,12
2144,6
13629,3
6588,1
25411,3
49162,1
4353,16
13310,12
3313,6
46725,6
39197,6
49483,3
7108,14
45368,11
22628,6
40786,1
29697,1
4103,14
15011,8
43213,8
17369,16
1560,8
36704,7
40432,2
28394,7
31410,10
19276,4
3024,6
4582,1
21732,0
210,3
622,7
10935,0
19607,8
47407,6
29722,7
21665,10
16330,6
10647,8
33369,5
35933,6
44010,0
13599,18
40689,12
33887,7
30306,3
43031,19
32346,3
2940,3
6785,14
2786,6
11481,7
39121,6
10954,1
33155,8
5345,14
40164,7
48554,8
9698,8
23106,14
43093,6
24672,2
5891,10
47093,7
15009,9
28060,5
33523,2
2379,14
14775,7
15220,6
36851,19
39829,1
22383,7
3205,6
8408,12
20126,3
19470,17
12053,1
14516,7
14748,8
44791,6
1532,7
30793,2
31881,4
5160,1
5057,6
34194,8
41705,15
19905,6
35629,1
42103,8
45941,6
9110,10
42172,1
41939,6
45250,16
28289,6
18355,9
14703,6
3461,6
45098,1
11405,3
46844,8
26361,6
6523,7
24156,7
29448,1
1001,6
17391,7
12403,6
25749,1
21618,7
20383,7
12910,1
44894,7
24454,6
5825,7
11,0
23267,7
49099,7
42191,6
10319,16
11648,7
4412,19
44603,1
12311,10
9352,8
47952,0
49425,3
43678,7
10148,1
16081,7
49688,10
32985,8
11136,13
41207,1
46821,15
15891,14
40458,7
11581,10
45144,6
47545,1
21086,15
35770,14
35552,13
21580,7
191,3
11292,7
5941,6
25711,7
43796,6
29280,6
9015,7
28401,7
5686,11
4547,3
35474,8
48123,0
43267,1
1135,17
37990,17
9701,7
47511,0
19287,3
39299,6
24289,7
29505,6
40518,17
9584,6
16133,1
4701,1
39859,12
29087,6
9937,3
4356,1
39846,7
2086,11
48530,3
45933,6
27744,9
5434,1
19893,8
18827,19
4968,14
30024,7
2117,15
47237,14
20171,8
13702,14
3935,6
33714,2
45210,12
22498,8
13586,6
17791,8
12148,6
14958,17
37356,9
7936,15
46242,6
30049,10
25722,8
26562,6
34145,8
15874,1
14347,11
42311,14
41735,14
4188,11
47079,1
24816,6
10631,16
28766,14
8876,0
49258,8
14429,9
49598,6
29394,6
25872,6
22278,0
26095,15
11504,6
12930,7
19846,3
7989,14
10964,3
35529,6
4032,16
13301,6
4658,6
15844,19
1520,6
40467,1
1920,7
44382,6
29341,1
18516,4
482,1
7100,10
22396,3
19439,3
24306,1
37618,14
5751,1
16615,14
12969,3
35806,6
33677,6
45656,6
10030,6
3424,1
22774,13
49429,1
32014,6
5238,2
11811,1
44987,6
15113,14
48635,7
29659,14
14245,12
31750,11
30367,6
9257,7
19427,3
28431,10
7503,17
44760,1
21161,0
29057,3
18401,7
28793,19
47306,7
24211,6
23532,6
49332,10
35851,0
7252,7
17755,1
36187,6
9847,8
9136,1
32182,14
40130,18
30456,6
1221,0
16726,1
15525,3
17007,3
20960,15
8986,6
5184,17
40640,14
24425,1
1754,3
10093,6
23021,7
4222,14
48476,6
44301,9
13850,7
28575,6
20138,1
23020,14
44250,7
20038,8
38621,6
18689,10
10545,17
18473,1
36411,5
3190,6
46615,7
6042,18
33483,1
846,7
34900,1
12632,7
45948,16
49275,3
36830,10
28630,7
47422,6
38625,1
15296,6
22919,11
19145,11
23315,2
49413,6
46370,8
41564,7
41226,8
20817,15
41661,6
8599,18
6386,6
16523,1
13154,8
6583,7
38523,8
19909,3
32321,7
43106,15
38704,1
35681,6
15028,15
36820,7
9598,6
28818,15
20418,2
4511,1
391,0
21507,5
31714,3
15215,6
24333,19
11728,7
20010,1
4450,3
8003,14
3358,14
27326,6
32894,6
416,7
11244,10
46556,6
47810,7
32819,8
33992,6
35820,17
10562,12
32036,17
29932,6
36568,12
9280,10
22836,6
42268,19
48580,13
12219,1
38662,15
41593,15
22886,14
12617,14
3402,18
21195,6
24569,5
31035,6
20229,4
2263,12
10826,8
14394,12
34210,12
3429,11
49157,3
40847,8
14084,6
6802,3
22381,4
21016,7
29024,0
4478,6
36711,1
8300,3
47035,6
15596,7
19902,1
31242,7
21117,1
15234,1
24993,8
31007,1
31687,12
13657,6
36612,15
14008,6
32124,7
43570,10
14059,12
30246,7
36028,6
22339,14
42525,3
1443,1
